query,reference_answer,basic_rag_answer,basic_rag_grounding
How do I configure a trunk port on a Cisco switch?,"To configure a trunk port on a Cisco switch, enter global configuration mode and access the desired interface:

interface GigabitEthernet0/1
 switchport mode trunk
 switchport trunk allowed vlan all  (not recommended; it's best to restrict to only required VLANs)

This sets the port to operate in trunk mode, allowing all VLANs by default. In real-world scenarios, it's best practice to explicitly specify only the required VLANs to reduce unnecessary broadcast traffic:

switchport trunk allowed vlan 10,20,30

You can verify the trunking status using 'show interfaces trunk'. After configuration, always save the settings with 'write memory' to ensure persistence after reboot."," To configure a trunk port on a Cisco switch, follow these steps:

1. Press [E] (for Edit) and then use the arrow keys to access the port trunk parameters.
2. In the Group column, move the cursor to the port you want to configure.
3. Use the Space bar to choose a trunk group assignment (Trk1, Trk2, and so on) for the selected port.
4. Ensure all ports in the trunk have the same media type and mode (such as access or dynamic auto).","[""3. Press [E] (for Edit) and then use the arrow keys to access the port trunk parameters.\nFigure 15: Example: of the menu screen for configuring a port trunk group\n4. In the Group column, move the cursor to the port you want to configure.\n5. Use the Space bar to choose a trunk group assignment (Trk1, Trk2, and so on) for the selected port.\na. For proper trunk operation, all ports in a trunk must have the same media type and mode (such as"", ""For more information about trunk ports, see Chapter 12, \u201cConfiguring VLANs.\u201d"", ""Configure switch ports by using the switchport interface configuration commands. For detailed \ninformation about configuring access port and trunk port characteristics, see Chapter 13, \u201cConfiguring \nVLANs.\u201d""]"
What is MSTP and how is it different from RSTP?,"MSTP (Multiple Spanning Tree Protocol) enhances network efficiency by allowing multiple VLANs to share a single spanning tree instance, reducing CPU and memory load on switches. You define a mapping of VLANs to MST instances in a region-wide configuration.

In contrast, RSTP (Rapid Spanning Tree Protocol) is a faster version of STP but treats each VLAN separately when used in PVST+ environments. MSTP supports backward compatibility with RSTP and STP on legacy links and improves scalability in large Layer 2 networks with hundreds of VLANs by reducing the number of active spanning tree instances."," MSTP, or Multiple Spanning Tree Protocol (IEEE 802.1s), is a protocol that extends Rapid Spanning Tree Protocol (RSTP) to support multiple spanning tree instances efficiently channeling VLAN traffic over different interfaces. MSTP includes all the advantages of RSTP and adds the capability to handle multiple spanning trees, while RSTP only handles a single spanning tree.","[""command reference for this release.\nThis chapter consists of these sections:\n\u007f Understanding MSTP, page 17-2\n\u007f Understanding RSTP, page 17-7\n\u007f Configuring MSTP Features, page 17-12\n\u007f Displaying the MST Configuration and Status, page 17-24"", ""forward delay and by quickly transitioning root ports and designated ports to the forwarding state. \nYou cannot run MSTP without RSTP. \nThe most common initial deployment of MSTP is in the backbone and distribution layers of a \nLayer 2 switched network. For more information, see Chapter 16, \u201cConfiguring MSTP.\u201d\nFor information about the number of supported spanning-tree instances, see the next section.\nSupported Spanning-Tree Instances"", ""\u2022 MSTP (IEEE 802.1s) \u2013 Multiple Spanning Tree Protocol (MSTP) in cludes all the advan-\ntages of RSTP and also supports multiple spanning tree instances to efficiently channel \nVLAN traffic over different interfaces. MSTP is compatible with both RSTP and STP.\nBridge Priority The value that helps determine which bridge in t he spanning tree is elected as the root bridge \nduring STP convergence. A lower value increases the probability that the bridge becomes the \nroot bridge.""]"
How do I configure DHCP snooping on an Aruba switch?,"DHCP snooping is a security feature that prevents rogue DHCP servers from assigning IP addresses. On Aruba switches (AOS-S or AOS-CX), configuration generally includes the following steps:

dhcp-snooping
 dhcp-snooping vlan 10
 dhcp-snooping trust <uplink-port>

Enable DHCP snooping globally, specify the VLANs where it should apply, and mark trusted interfaces—typically uplinks to your DHCP server or core switch. All other ports are untrusted by default and will drop unauthorized DHCP offers. Use 'show dhcp-snooping' to verify the configuration and ensure the binding table is being built correctly."," To configure DHCP snooping on an Aruba switch, follow these steps:

1. Access the VLAN Settings tile and select a VLAN.
2. Click Edit to change the setting for DHCP snooping.
3. Use the Interface Settings tile to set ports to DHCP snooping trusted or untrusted state.
4. Select an interface and click Edit to toggle the trusted interface feature.
5. Click Edit All to apply the changes across all interfaces.","[""179  Aruba Instant On 1930 Switch Series\nManagement and Configuration Guide\nFigure 149. VLAN Settings Tile\nTable 121. VLAN Settings Fields\nTo change the setting for DHCP snooping, select a VLAN and click Edit .\nInterface Settings\nUse the Interface Settings tile to set ports to DHCP snooping trusted or untrusted state.\nFigure 150. Interface Settings Tile\nTable 122. Interface Settings Fields\nSelect an interface and click Edit  to toggle the trusted interface feature. Click click Edit All  to"", ""179  Aruba Instant On 1930 Switch Series\nManagement and Configuration Guide\nFigure 149. VLAN Settings Tile\nTable 121. VLAN Settings Fields\nTo change the setting for DHCP snooping, select a VLAN and click Edit .\nInterface Settings\nUse the Interface Settings tile to set ports to DHCP snooping trusted or untrusted state.\nFigure 150. Interface Settings Tile\nTable 122. Interface Settings Fields\nSelect an interface and click Edit  to toggle the trusted interface feature. Click click Edit All  to"", ""177  Aruba Instant On 1930 Switch Series\nManagement and Configuration Guide\nThe Edit Port Protection dialog box appears. \n3. Enable or disable Port Protection as needed.\n4. Click APPLY.\nDHCP Snooping\nDHCP snooping provides network security by filtering untrusted DHCP messages and by building and \nmaintaining a DHCP snooping binding database, also referred to as a DHCP snooping binding table. \nDHCP snooping acts like a firewall between untrusted hosts and DHCP servers. DHCP snooping differen-""]"
What is the function of port security on switches?,"Port security allows administrators to control which devices can access a network through a specific switch port. It does this by limiting the number of MAC addresses that can be dynamically or statically learned. For example:

switchport port-security
switchport port-security maximum 2
switchport port-security violation shutdown
switchport port-security mac-address sticky

This setup allows two MAC addresses per port, shuts the port on violations, and dynamically learns MACs using the “sticky” method. Port security is crucial in access-layer switches to prevent MAC spoofing, reduce attack surfaces, and enforce endpoint accountability."," The function of port security on switches is to protect the network from unauthorized access by controlling which devices are allowed to connect to a switch port. This helps maintain the integrity and security of the network, while also enabling high-speed connections. Port security achieves this by managing MAC addresses associated with switch ports, allowing only specific MAC addresses or a limited number of MAC addresses to be connected to each port.","[""nect directly to the network and IT departments want uncomplicated network access \nfor the users. It is one of the most vulnerable areas of the network because it is so \nexposed to the user. Switches need to be configured to be resilient to attacks of all \ntypes while they are protecting user data and allowing high-speed connections. Port \nsecurity is one of the security features that Cisco-managed switches provide."", ""Switch port Security (2.2.4)\nA number of network attacks in the LAN environment can be mitigated with simple \nmeasures applied to switch ports on Cisco switches. DHCP snooping and Cisco port \nsecurity help to mitigate MAC address flooding and DHCP attacks.\nSecure\u2002Unused\u2002Ports\u2002(2.2.4.1)\nA simple method that many administrators use to help secure the network from \nunauthorized access is to disable all unused ports on a switch. For example, if a \n02_9781587133299_ch02.indd   74 3/28/14   10:59 AM"", ""the network through an IEEE 802.1x port.\nThese are some examples of the interaction between IEEE 802.1x authentication and port security on the \nswitch:\n\u007f When a client is authenticated, and the port security table is not full, the client MAC address is added \nto the port security list of secure hosts. The port then proceeds to come up normally.\nWhen a client is authenticated and manually configured for port security, it is guaranteed an entry""]"
How can I check why an access point is showing as 'Alerting' in Meraki Dashboard?,"In Meraki Dashboard, go to Wireless > Access Points, click on the affected AP, and review the Connectivity and Event Log tabs. Common alert reasons include:
- Ethernet link down or negotiation issues
- DHCP failure (no IP assigned)
- Loss of cloud connectivity (due to firewall, DNS, or ISP issues)
- Low power due to insufficient PoE budget

Additionally, run the “Live Tools” (ping, traceroute, throughput) directly from the dashboard to diagnose in real time. Alerts can also be tied to firmware compatibility or environmental conditions like high temperature. Consistent alerting often indicates a deeper network design or power issue."," To check why an access point is showing as 'Alerting' in Meraki Dashboard, follow these troubleshooting steps:

1. Ensure that any firewalls upstream are allowing the AP to communicate with Dashboard.
2. Collect packet captures on the upstream device to see if traffic from the AP is replied. If the AP is connected to a Meraki device upstream, you can collect Dashboard Packet Captures.
3. Connect to the AP's local status page for more specific connection info.
4. Check if there is an address translation (NAT) issue reported on the device details page in dashboard.
5. Investigate whether devices cannot connect to your network.
6. If all else fails, collect the SDB Bundle (OOB Logs) from the Local Status Page of the device and provide it to the Meraki Support Team.","[""\u25e6 Ensure that any firewalls upstream are allowing the AP to communicate with Dashboard.\n\u25e6 Collect packet captures on the upstream device to see if traffic from the AP is replied. If the AP is connected to\nMeraki device upstream, you can collect Dashboard Packet Captures.\n\u2022 If possible, connect to the AP's local status page for more specific connection info.\nIf all else fails, collect the SDB Bundle (OOB Logs) from the Local Status Page of the device and provide it to the Meraki Support Team."", ""address translation (NAT) issue.\"" is reported on the device details page in dashboard.\n\u2022 Devices cannot connect to your network.\nTroubleshooting Steps\nThis alert is generally caused by an upstream firewall not using stateful packet inspection. In this instance, the Meraki device's TCP synchronize (SYN)\npacket is reaching the cloud. When the cloud responds to the Meraki device with a TCP synchronize acknowledge (SYN/ACK), it is dropped by the firewall. The"", ""assign a static IP to the AP.\n\u2022 Collect packet captures on the upstream device to see if ARP, DNS and DHCP requests from the AP are replied. If\nthe AP is connected to Meraki device upstream, you can collect Dashboard Packet Captures.\nContacting Support\nIf the steps outlined above have been followed and the unit is still failing to connect to the\ndashboard, please Contact Support continue investigation. Please be prepared to outline the""]"
How do I configure inter-VLAN routing on a Layer 3 switch?,"Inter-VLAN routing allows traffic to move between VLANs on a Layer 3 switch without needing an external router. To configure:

1. Define VLANs and assign them to access ports:
vlan 10
 name Users
interface range gig0/1-10
 switchport mode access
 switchport access vlan 10

2. Create SVIs (Switched Virtual Interfaces) for each VLAN:
interface vlan 10
 ip address 192.168.10.1 255.255.255.0
 no shutdown

3. Enable routing:
ip routing

Each SVI acts as the default gateway for its VLAN. Devices must have the correct gateway and VLAN assignment. You can verify routing with 'show ip route' and test connectivity with 'ping'."," To configure inter-VLAN routing on a Layer 3 switch, follow these steps:

1. Configure VLANs if not already done (refer to Chapter 13).
2. Enable IP routing on the switch using the command `ip routing`.
3. Assign IP addresses to the Layer 3 interfaces using the `interface <type> number` command followed by the `ip address <IP_address> mask <subnet_mask>` command.
4. Enable selected routing protocols on the switch (if needed) using commands like `router <routing_protocol>`.
5. Configure routing protocol parameters if required (optional).","[""LAN Switching Configuration Guide\n106\nConfiguring Routing Between VLANs\nXNS Routing over ISL Configuration Example"", ""membership to Layer 2 interfaces. For more information, see Chapter 13, \u201cConfiguring VLANs.\u201d\n\u007f Configure Layer 3 interfaces.\n\u007f Enable IP routing on the switch.\n\u007f Assign IP addresses to the Layer 3 interfaces. \n\u007f Enable selected routing protocols on the switch. \n\u007f Configure routing protocol parameters (optional).\nConfiguring IP Addressing\nA required task for configuring IP routing is to assign IP addresses to Layer 3 network interfaces to"", ""11-20\nCatalyst 3750 Switch Software Configuration Guide\n78-15164-04\nChapter 11      Configuring Interface Characteristics\nConfiguring Layer 3 Interfaces\nConfiguring Layer 3 Interfaces\nThe Catalyst 3750 switch supports these types of Layer 3 interfaces:\n\u007f SVIs: You should configure SVIs for any VLANs for which you want to route traffic. SVIs are \ncreated when you enter a VLAN ID following the interface vlan global configuration command. To""]"
What does it mean if a port is in 'err-disabled' state on a Cisco switch?,"A port in 'err-disabled' state has been shut down automatically by the switch due to a policy violation. Common triggers include:
- Port security violation (unknown MAC)
- BPDU Guard detecting an unexpected BPDU
- Loop guard or UDLD
- Link flapping or excessive errors

Check the reason using:
show interfaces status err-disabled
show errdisable recovery

To recover manually:
interface gig0/3
 shutdown
 no shutdown

Or enable auto-recovery for specific causes with 'errdisable recovery cause <feature>'. Always investigate and resolve the root issue before re-enabling the port."," If a port is in 'err-disabled' state on a Cisco switch, it means that the port has been temporarily disabled due to an error condition. This is typically done as a network protection mechanism, preventing further errors or damage from occurring within the network. The port will remain in this state until it is either manually enabled by an administrator or re-enabled by the Auto Recovery feature after the error condition has been resolved.","[""received on the port until it is either manually enabled by the administrator or re-enabled by the Auto \nRecovery feature.\nThe Auto Recovery feature automatically re-enables a suspended port when the error conditions that \ncaused the port to be disabled are no longer detected. The switch utilizes a configurable Auto Recovery \ntimer to periodically check the error condition at set intervals. If the error condition is no longer present, the"", ""received on the port until it is either manually enabled by the administrator or re-enabled by the Auto \nRecovery feature.\nThe Auto Recovery feature automatically re-enables a suspended port when the error conditions that \ncaused the port to be disabled are no longer detected. The switch utilizes a configurable Auto Recovery \ntimer to periodically check the error condition at set intervals. If the error condition is no longer present, the"", ""Number of err-disabled ports: 3\nYou can re-enable err-disable ports one by one by \""disable\"" then \""enable\""\nunder interface config, re-enable all by \""clear loop-detect\"", or\nconfigure \""errdisable recovery cause loop-detection\"" for automatic recovery\nindex  port         caused-by    disabled-time\n1      1/1/18       itself       00:13:30\n2      1/1/19       vlan 12      00:13:30\n3      1/1/20       vlan 12      00:13:30""]"
How do I back up and restore configuration on an Aruba switch?,"For AOS-Switch (legacy), use:
copy running-config tftp <TFTP server IP> <filename>
copy tftp <TFTP server IP> <filename> running-config

For AOS-CX switches, use REST API, SCP, or USB. Example for SCP:
copy running-config scp://admin@192.168.1.10/configs/backup.cfg vrf mgmt

After restoring a config, verify with 'show running-config', and apply 'write memory' to save it permanently. You can also automate backups using Aruba Central or scripts."," To back up and restore configuration on an Aruba switch, follow these steps:

Backing up the configuration:
1. Connect to the switch via CLI or a management interface like SSH or Telnet.
2. Enter configuration mode by typing `switch# configure terminal`.
3. Create a backup copy of the startup-config file by typing `switch# write memory startup`.
4. To save the running-config file, type `switch# copy running-config startup-config` or simply `switch# copy run start`.

Restoring the configuration:
1. Connect to the switch via CLI or a management interface like SSH or Telnet.
2. Enter configuration mode by typing `switch# configure terminal`.
3. To restore the configuration from the backup file, type `switch# copy startup-config running-config` or simply `switch# copy start run`.
4. Save the running-config to the startup-config file by typing `switch# write memory`.","[""More information\nSwitching to a new configuration on page 399\nChapter 20\nConfiguration backup and restore without reboot\n398 Aruba 2530 Management and Configuration Guide for\nArubaOS-Switch 16.05"", ""workingConfig file to reboot.\nswitch(config)# show config files\nConfiguration files:\n106 Aruba Basic Operation Guide for ArubaOS-Switch 16.06"", ""running-config file. In this case, if you do not subsequently save the running-config file, your unsaved\nconfiguration changes will be lost if the switch reboots for any reason.\nStorage and retrieval of configuration files. You can store or retrieve a backup copy of the startup-config file on\nanother device. For more information, see \""Transferring Switch Configurations\"" in the Management and\nConfiguration Guide for your switch.\n116 Aruba Basic Operation Guide for ArubaOS-Switch 16.06""]"
What is the role of SNMP in network devices?,"SNMP (Simple Network Management Protocol) enables centralized monitoring and management of network infrastructure. It operates using agents on devices and a central NMS (Network Management System). Devices expose metrics through MIBs (Management Information Bases), which are queried by SNMP GET requests.

Administrators can monitor:
- Interface status and errors
- Device temperature and CPU
- VLAN and traffic stats
- Traps for events like link-down or power loss

SNMP v3 adds encryption and authentication for security. It remains widely used for inventory, monitoring dashboards, and alert systems like Nagios or Zabbix."," The role of SNMP in network devices is to provide a message format for communication between managers and agents, enabling the management and monitoring of network devices by allowing the manager to send queries to agents and receive status information.","[""\u007f Understanding SNMP, page 27-1\n\u007f Configuring SNMP , page 27-6\n\u007f Displaying SNMP Status, page 27-17\nUnderstanding SNMP\nSNMP is an application-layer protocol that provides a message format for communication between \nmanagers and agents. The SNMP system consists of an SNMP manager, an SNMP agent, and a MIB. \nThe SNMP manager can be part of a network management system (NMS) such as CiscoWorks. The agent"", ""applications can learn the device type and the Simple Network Management Protocol (SNMP) agent \naddress of neighboring devices running lower-layer, transparent protocols. This feature enables \napplications to send SNMP queries to neighboring devices.\nCDP runs on all media that support Subnetwork Access Protocol (SNAP). Because CDP runs over the \ndata-link layer only, two systems that support different network-layer protocols can learn about each \nother."", ""applications can learn the device type and the Simple Network Management Protocol (SNMP) agent \naddress of neighboring devices running lower-layer, transparent protocols. This feature enables \napplications to send SNMP queries to neighboring devices.\nCDP runs on all media that support Subnetwork Access Protocol (SNAP). Because CDP runs over the \ndata-link layer only, two systems that support different network-layer protocols can learn about each \nother.""]"
How does Meraki handle firmware updates for switches?,"Meraki provides automatic, cloud-managed firmware updates for all hardware, including switches. Updates can be scheduled under Organization > Firmware Upgrades, where you can choose between stable, beta, or release candidate builds.

Devices check for firmware at regular intervals and download updates securely. During scheduled windows, switches reboot to apply the update, which causes a short downtime. Meraki also sends notification emails before the window. You can delay or reschedule if needed. This cloud-based model simplifies compliance and keeps networks secure without requiring CLI commands or manual uploads."," Meraki handles firmware updates for switches through Staged Upgrades, which allows administrators to divide a network of switches into smaller groups and upgrade them at separate times. This feature provides more flexibility in the upgrade process by allowing scheduling, deferring, and rollback of firmware upgrades in stages.","[""firmware version to upgrade to, review the change log if required, and click \""Next\"":\nAutomated/Bulk firmware upgrades scheduled by Meraki will not follow the Staged Upgrade process by default. Once these upgrades have been\nscheduled, you can convert them to Staged Upgrade by going to Organization > Monitor > Firmware upgrade > Scheduled changes\nScheduling a staged upgrade begins in the same way as scheduling a typical network upgrade. The entire process of managing groups and the"", ""MS Firmware Upgrades\nClick \u65e5\u672c\u8a9e for Japanese\nOverview\nWhile MS switches generally follow the Dashboard-wide firmware upgrades procedures, there are some firmware upgrade features that are specific to MS\nswitches. MS Staged upgrades are explained here.\nFor general firmware upgrades information, refer to the Managing Firmware Upgrades.\nLearn more with these free online training courses on the Meraki Learning Hub:\n\u2022 Maintaining Meraki-Managed Switch Networks"", ""\u2022 Maintaining Meraki-Managed Switch Networks\nSign in with your Cisco SSO or create a free account to start training.\nStaged Upgrades\nStaged Upgrades allows administrators to divide a network of switches into smaller groups which can have firmware upgraded at separate times.\nWith Staged upgrades, administrators can schedule, defer, and rollback firmware upgrades in stages, allowing for more flexibility the upgrade process.\nPlatform Support Minimum Firmware Required""]"
How do I configure static routing on a Cisco Layer 3 switch?,"To configure static routing on a Cisco Layer 3 switch, you first need to ensure IP routing is enabled globally:

ip routing

Then define a static route with:

ip route <destination network> <subnet mask> <next hop IP>

For example:

ip route 10.20.0.0 255.255.255.0 192.168.1.1

This tells the switch to send traffic destined for the 10.20.0.0/24 network to the next hop at 192.168.1.1. Use 'show ip route' to confirm the route is in the routing table."," To configure static routing on a Cisco Layer 3 switch, follow these steps:

1. Navigate to Switching > Configure > Routing & DHCP.
2. Click Add a static route.
3. Select the switch it should be applied to.
4. Provide the following information:
   - Name: A friendly name/description for the static route.
   - Subnet: The network that this static route is for, in CIDR notation (ex. 10.1.1.0/24 or 2001:db8::/32).
   - Next hop IP: The IP address of the next layer 3 device along the path to this network. This address must exist.

To remove a static route, use the no ip route prefix mask {address | interface} global configuration command.","[""To create a new static route:\n1. Navigate to Switching > Configure > Routing & DHCP.\n2. Click Add a static route.\n3. Select the Switch it should be applied to.\n4. Provide the following information:\n\u25e6 Name: A friendly name/description for the static route.\n\u25e6 Subnet: The network that this static route is for, in CIDR notation (ex. 10.1.1.0/24 or 2001:db8::/32).\n\u25e6 Next hop IP: The IP address of the next layer 3 device along the path to this network. This address must exist"", ""Note: Each switch can only have a single layer 3 interface per VLAN.\nConfiguring Static Routes\nIn order to route traffic elsewhere in the network, static routes must be configured for subnets that are not being routed by the switch or would not be using the\ndefault route already configured, such as if another portion of the network was located behind a router or another layer 3 switch is downstream from the Cisco\nMeraki layer 3 switch being configured.\nTo create a new static route:"", ""31-68\nCatalyst 3750 Switch Software Configuration Guide\n78-15164-04\nChapter 31      Configuring IP Unicast Routing\nConfiguring Protocol-Independent Features\nUse the no ip route prefix mask {address | interface} global configuration command to remove a static \nroute.\nThe switch retains static routes until you remove them. However, you can override static routes with \ndynamic routing information by assigning administrative distance values. Each dynamic routing""]"
What is the purpose of Access Control Lists (ACLs) on switches and routers?,"ACLs are used to filter network traffic by permitting or denying packets based on criteria like source IP, destination IP, protocol, or port number. They enhance security by restricting access to sensitive resources or controlling traffic flow.

For example, a standard ACL on a Cisco router might look like:
access-list 10 deny 192.168.1.0 0.0.0.255
access-list 10 permit any

And applied on an interface:
interface GigabitEthernet0/1
 ip access-group 10 in

ACLs can be used to block specific hosts, limit access to management interfaces, or enforce security zones.

Note: Standard ACLs match only source IPs. For better control, extended ACLs are preferred in most security use cases."," The purpose of Access Control Lists (ACLs) on switches and routers is to limit access to a particular interface, control data traffic to and from wireless clients, and manage packet forwarding based on matching entries in the ACL. This helps control access to a network or part of a network.","[""171 \n \n \nChapter 12  ACLs \nThis chapter compares the commands for configuring access control lists (ACLs).  \nAn ACL is a list of one or more access control entries (ACEs) specifying the criteria the switch uses to \neither permit (forward) or deny (drop) the IP packets traversing the switch\u2019s interfaces. \nThis chapter covers ACL basics, creating ACLs, applying ACLs for routing/Layer 3 operations, applying \nACLs for VLAN/Layer 2 operations, and applying ACLs for port/interface controls."", ""Configuring and Applying Access Control Lists\nAn access control list (ACL)  is a set of rules used to limit access to a particular interface (for example, \nif you want to restrict a wireless client from pinging the management interface of the controller). After \nACLs are configured on the controll er, they can be applied to the management interface, the AP-manager \ninterface, any of the dynamic interfaces, or a WLAN to control data traffic to and from wireless clients"", ""information\nThe switch examines ACLs associated with all inbound features configured on a given interface and \npermits or denies packet forwarding based on how the packet matches the entries in the ACL. In this way, \nACLs are used to control access to a network or to part of a network. Figure 28-1 is an example of using \nport ACLs to control access to a network when all workstations are in the same VLAN. ACLs applied at""]"
How can I view system logs on an Aruba switch?,"On Aruba switches, logs can be accessed using the 'show logging' command. This displays system events such as interface status changes, login attempts, configuration changes, and protocol errors.

For more persistent logging or external monitoring, you can configure a syslog server:
logging <syslog-server-ip>

You can also filter logs by severity or module. On AOS-CX models, use:
show events

Regular log monitoring helps with troubleshooting and auditing."," To view system logs on an Aruba switch, follow these steps:
1. Access the Main Menu by using the menu button or entering the command-line interface (CLI) by typing ""enable"" and then ""cli"".
2. Select Event Log from the Main Menu.
3. Click either the Buffered Log tab or the Log File tab to view the respective log information. The Buffered Log contains messages generated in response to events, faults, errors, and configuration changes. The Log File can be viewed by accessing the remote log server, as shown in Figure 167 of the Management and Configuration Guide.","[""Management and Configuration\nGuide\nUsing the Menu\nTo display the Event Log from the Main Menu, select Event Log. The following example shows a sample event\nlog display.\n338 Aruba 2530 Management and Configuration Guide for\nArubaOS-Switch 16.05"", ""197  Aruba Instant On 1930 Switch Series\nManagement and Configuration Guide\nFigure 167. Remote Log Server\nTable 136. Remote Log Server Fields\nBuffered Log/Log File \nTo view the Buffered Log information, click the Buffered Log tab.\nTo view the Log File information, click the Log File tab.\nBuffered Log \nThe log messages that the switch generates in response to events, faults, errors, and configuration"", ""197  Aruba Instant On 1930 Switch Series\nManagement and Configuration Guide\nFigure 167. Remote Log Server\nTable 136. Remote Log Server Fields\nBuffered Log/Log File \nTo view the Buffered Log information, click the Buffered Log tab.\nTo view the Log File information, click the Log File tab.\nBuffered Log \nThe log messages that the switch generates in response to events, faults, errors, and configuration""]"
How do Meraki MR access points determine the best channel and transmit power?,"Meraki MR access points use a feature called Auto RF to dynamically choose the best channel and transmit power based on:
- RF congestion (channel utilization)
- Neighboring AP interference
- Client signal strength
- Environmental noise

The APs continuously scan the RF environment and adjust parameters periodically, based on network conditions. Changes are coordinated by Meraki cloud algorithms to avoid co-channel interference and optimize performance across the deployment. Admins can override these settings manually in the dashboard if needed."," Meraki MR access points determine the best channel and transmit power through the following methods: 
1. Access point received energy - Measuring the received signal strength between each access point and its nearby neighboring access points to optimize channels for the highest network capacity.
2. Noise avoidance - Optimizing channels to avoid noise sources, which can limit signal quality at the client and access point, reducing effective cell size and degrading user experience.
3. Fragmentation Threshold - Entering a low number in the Fragmentation Threshold field for areas with poor communication or high radio interference.
4. Dynamic Transmit Power Control (DTPC) Support - Enabling or disabling DTPC to allow access points to advertise their channel and transmit power level in beacons and probe responses, allowing client devices to receive the channel and power level and choose the proper settings.","[""assignments. These include:\n\u0081 Access point received energy \u2014The received signal strength me asured between each access point \nand its nearby neighboring access points. Channels are optimized for the highes t network capacity.\n\u0081 Noise\u2014Noise can limit signal quality at the client and access point. An increase in noise reduces \nthe effective cell size and degrades user experien ce. By optimizing channels to avoid noise sources,"", ""(inclusive) in the Fragmentation Threshold field. En ter a low number for areas where communication is \npoor or where there is a great deal of radio interference. \nStep 6 To make access points advertise their channel and tr ansmit power level in beacons and probe responses, \ncheck the DTPC Support  check box. Otherwise, uncheck this check box. The default value is enabled.\nClient devices using dynamic transmit power cont rol (DTPC) receive the channel and power level"", ""and choose the proper Country/Region under the Network Location section. There will be a brief disconnection for clients as the radio makes\nadjustments to the new setting once changes are saved.\nWhen using \""Auto\"" option, MX and teleworker devices will choose the best channels on boot, or when you press the \""Update auto channels\"" button.\n\""For more information about the auto channel and power settings, consult our article \""Meraki Auto RF: Wi-Fi Channel and Power Management.\""""]"
What is a DHCP IP conflict and how is it handled by network devices?,"A DHCP IP conflict occurs when two devices on the same network are assigned or configured with the same IP address. This causes communication issues and ARP instability.

Some DHCP servers use conflict detection by sending ICMP echo requests (ping) to the address before assigning it. If a response is received, the IP is marked as in-use and not assigned.

On Cisco and Aruba devices, you can enable DHCP conflict logging and verify with commands like 'show ip dhcp conflict'. Static IPs outside the DHCP pool and careful lease management help reduce conflict risks."," A DHCP IP conflict occurs when two or more devices on a network are assigned the same IP address by different DHCP servers. This can lead to communication issues, as only one device can use the IP address at a time. Network devices handle DHCP IP conflicts by detecting the duplicate IP addresses and usually notify the administrator to resolve the issue. The resolution typically involves identifying and removing the source of the conflicting IP address, such as disabling a rogue DHCP server or releasing a statically assigned IP address that should be part of an active DHCP scope.","[""Client IP Conflicts\nThe Client IP conflict logs do not mean necessarily that the WAN appliance (or another DHCP server) assigned the same IP address to multiple devices. The\nWAN appliance is reporting that two different MAC addresses have been seen sending traffic with the same IP address. Most IP conflicts are related to two\nissues:\n\u2022 A rogue DHCP server on the network\n\u2022 A static IP address is assigned to a device even though the IP address is a part of an active DHCP scope"", ""together, multiple DHCP servers can cause clients and network devices to receive IP addresses, subnet masks, gateway IP addresses, and other information\nthat can conflict with how the network should be working. This usually presents itself as groups of clients sporadically losing connection to the Internet and other\nnetwork resources. This issue arises most often when users incorrectly attach a device to the network that provides this service, such as connecting a"", ""Duplicate IP addresses in a DHCP network\nIf you use a DHCP server to assign IP addresses in your network, and you find a device with a valid IP address\nthat does not appear to communicate properly with the server or other devices, a duplicate IP address may have\nbeen issued by the server. This can occur if a client has not released a DHCP-assigned IP address after the\nintended expiration time and the server \""leases\"" the address to another device. This can also happen, For""]"
How do I configure NAT on a Cisco router?,"To configure NAT (Network Address Translation) on a Cisco router for internet access:

1. Define inside and outside interfaces:
interface GigabitEthernet0/0
 ip address 192.168.1.1 255.255.255.0
 ip nat inside

interface GigabitEthernet0/1
 ip address 203.0.113.1 (your ISP-assigned public IP) <mask>
 ip nat outside

2. Create a NAT rule:
access-list 1 permit 192.168.1.0 0.0.0.255
ip nat inside source list 1 interface GigabitEthernet0/1 overload

This setup uses PAT (Port Address Translation) to allow multiple internal devices to share one public IP."," To configure NAT on a Cisco router, use the `config interface nat-address` command followed by either `management`, `dynamic-interface interface_name`, or `public_IP_address`. For one-to-one mapping network address translation (NAT), use the `set public_IP_address` option.","[""Cisco Catalyst 9800 Series Wireless Controller Software Configuration Guide, Cisco IOS XE Dublin 17.12.x\n56\nSystem Configuration\nVerifying NAT Settings"", ""3-22\nCisco Wireless LAN Contro ller Configuration Guide\nOL-18911-01\nChapter 3      Configuring Ports and Interfaces\nConfiguring Ports\nNote These NAT commands can be used only on 5500 series controllers and only if the dynamic \ninterface is configured for dynamic AP management.\nNote These commands are supported for use only with one-to-one-mapping NAT, whereby each \nprivate client has a direct and fixed mapping to a global address. They do not support"", ""2-608\nCisco Wireless LAN Controller Command Reference\nOL-26557-01\nChapter 2      CLI Commands\nconfig interface nat-address\nconfig interface nat-address \nTo deploy your Cisco 5500 Series Controller behi nd a router or other gateway device that is using \none-to-one mapping network address translation (NAT), use the config interface nat-address  \ncommand. \nconfig interface nat-address  {management  | dynamic-interface  interface_name } {{enable  | \ndisable } | {set public_IP_address }}""]"
What is EtherChannel and how do I configure it on Cisco switches?,"EtherChannel is a technology that bundles multiple physical links into a single logical link, increasing bandwidth and providing redundancy.

To configure static EtherChannel (mode “on”) between two Cisco switches:
interface range GigabitEthernet0/1 - 2
 channel-group 1 mode on

Then configure the logical port-channel interface:
interface Port-channel1
 switchport mode trunk

Verify using 'show etherchannel summary'. Ensure both ends have identical configurations, or the bundle may not form properly."," EtherChannel is a feature on Cisco switches that provides fault-tolerant high-speed links between switches, routers, and servers. It increases the bandwidth between wiring closets and the data center by creating a port-channel logical interface and assigning physical interfaces to it. This is done using the channel-group interface configuration command. For more information on configuring EtherChannels, refer to Chapter 30 in the Catalyst 3750 Switch Software Configuration Guide.","[""When you configure an EtherChannel, you create a port-channel logical interface and assign an interface \nto the EtherChannel. Use the channel-group  interface configuration command to dynamically create the \nport-channel logical interface. This command binds the physical and logical ports together. For more \ninformation, see Chapter 30, \u201cConfiguring EtherChannels and Link-State Tracking.\u201d\nDual-Purpose Uplink Ports"", ""CHAPTER\n \n30-1\nCatalyst 3750 Switch Software Configuration Guide\n78-15164-04\n30\nConfiguring EtherChannels\nThis chapter describes how to configure EtherChannels on Layer 2 and Layer 3 ports on the \nCatalyst 3750 switch. EtherChannel provides fault-tolerant high-speed links between switches, routers, \nand servers. You can use it to increase the bandwidth between the wiring closets and the data center, and"", ""Note For complete syntax and usage information for the commands used in this chapter, refer to the command \nreference for this release.\nThis chapter consists of these sections:\n\u007f Understanding EtherChannels, page 30-1\n\u007f Configuring EtherChannels, page 30-10\n\u007f Displaying EtherChannel, PAgP, and LACP Status, page 30-22\nUnderstanding EtherChannels\nThese sections describe how EtherChannels work:\n\u007f EtherChannel Overview, page 30-2\n\u007f Port-Channel Interfaces, page 30-4""]"
How do I enable SNMP on an Aruba switch and restrict access?,"To enable SNMP on Aruba AOS-S switches:
snmp-server community public ro
snmp-server community private rw

To restrict access to specific IPs:
snmp-server host 192.168.1.100 community public
snmp-server community public ro 192.168.1.0 255.255.255.0

For enhanced security, use SNMPv3, which supports authentication and encryption:
snmpv3 enable
snmpv3 user admin auth md5 password priv aes password

Restricting access by subnet and using v3 helps protect against unauthorized monitoring.

To complete SNMPv3 configuration, you'll also need to define SNMPv3 groups, views, and assign access permissions."," To enable SNMP on an Aruba switch and restrict access, follow these steps:

1. Enable SNMPv3 by running the command ""snmpv3 enable"" on your Aruba switch. This allows the switch to receive SNMPv3 messages, configure initial users, and restrict non-version 3 messages to ""read only"" (optional).
2. Change the default community names in the Community Configuration section to custom names. This will change the access rights for SNMP v1 and SNMP v2.
3. Define SNMPv3 users with restricted access by configuring their permissions.
4. Restrict access by defining specific read-only communities or using ACLs (Access Control Lists).","[""show snmpv3 restricted-access\nEnabling SNMPv3\nThe snmpv3 enable command allows the switch to:\n\u2022 Receive SNMPv3 messages.\n\u2022 Configure initial users.\n\u2022 Restrict non-version 3 messages to \""read only\"" (optional).\n146 Aruba 2530 Management and Configuration Guide for\nArubaOS-Switch 16.05"", ""Commands\"" on page N-7).\nWhen SNMPv3 is enabled, the switch supports:\n158 Aruba 2530 Management and Configuration Guide for\nArubaOS-Switch 16.05"", ""55  Aruba Instant On 1930 Switch Series\nManagement and Configuration Guide\nGlobal Configuration\nTo globally enable SNMP, set SNMP Enable in the Global Configuration section:\nFigure 40. Global SNMP\nCommunity Configuration\nAccess rights are managed by defining communities on the Community Configuration tile. When the com-\nmunity names are changed, access rights are also changed. SNMP Communities are defined only for \nSNMP v1 and SNMP v2.""]"
What is ARP and how can it help troubleshoot connectivity?,"ARP (Address Resolution Protocol) maps IP addresses to MAC addresses on a local network. It is essential for Layer 2 communication.

You can view the ARP table on a Cisco switch with:
show ip arp

If a device cannot reach another on the same subnet, check the ARP table to ensure the correct MAC address is associated with the IP. An incomplete or missing entry may indicate the device is offline, not responding, or a switchport issue.

Flushing the ARP cache ('clear arp-cache') or rechecking interface connectivity often helps resolve ARP-related problems."," ARP (Address Resolution Protocol) is a networking protocol used to associate an IP address with its corresponding MAC address and VLAN ID. It helps in resolving the physical path by finding the associated MAC address using an IP address, which is then stored in an ARP cache for rapid retrieval. This process can help troubleshoot connectivity issues by ensuring that devices on a network can accurately identify and locate each other based on their IP addresses. If an ARP entry does not exist or an IP address cannot be resolved, the path may not be identified, leading to potential connectivity problems.","[""from an IP address is called address resolution .\nThe Address Resolution Protocol (ARP) associates a host IP address with the corresponding media or \nMAC addresses and the VLAN ID. Using an IP address, ARP finds the associated MAC address. When \na MAC address is found, the IP-MAC address association is stored in an ARP cache for rapid retrieval. \nThen the IP datagram is encapsulated in a link-layer frame and sent over the network. Encapsulation of"", ""uses the Address Resolution Protocol (ARP) to associate the IP addresses with the corresponding \nMAC addresses and the VLAN IDs. \n\u2013 If an ARP entry exists for the specified IP address, the switch uses the associated MAC address \nand identifies the physical path. \n\u2013 If an ARP entry does not exist, the switch sends an ARP query and tries to resolve the IP \naddress. If the IP address is not resolved, the path is not identified, and an error message \nappears."", ""ARP test\n\u2022 ARP for the default gateway and its own IP (to detect a conflict).\nConnection Monitoring Test Process\nConnection monitoring runs on the uplink once it is activated, meaning a carrier is detected and an IP address is assigned (static or dynamic).\nThe first test DNS query is sent, if a DNS response is received, DNS is marked as good for 300 seconds on that uplink. During this time, the MX continues""]"
How do I assign static IPs to devices in Meraki Dashboard?,"In Meraki Dashboard, go to Clients > Client List, click on the desired client, and scroll to the “Policy” section.

Set the client to a Group Policy or assign a static IP by binding it to a specific MAC address. You can also go to Wireless > Access Control and define static IP assignments using DHCP reservations.

Alternatively, if using Layer 3 switching on MX appliances, use Security & SD-WAN > DHCP to assign reserved IPs. This helps manage IPs consistently without needing manual static IP configuration on the endpoint itself."," To assign static IPs to devices in Meraki Dashboard, follow these steps:

1. Browse to dashboard.meraki.com and log in to Dashboard.
2. Navigate to Security & SD-WAN > Monitor > Appliance status and click the uplink tab.
3. Configure static IPs using the local status page on each switch, or assign static IP addresses via DHCP Reservations.","[""Static IP Assignment\nMX appliances and Z-series teleworker gateways can use either dynamic or static network connection information. You may configure a static IP address on a\nCisco Meraki MX or Z-series device from Dashboard or locally.\nStatic IP Assignment via Dashboard\n1. Browse to dashboard.meraki.com and login to Dashboard.\n2. Navigate to Security & SD-WAN > Monitor > Appliance status and click the uplink tab."", ""VLAN range.\nStatic Assignment\nStatic IPs can be assigned using the local status page on each switch. For more information on how to configure static IP from the local status page refer to this\ndocumentation.\nStatic IP via DHCP Reservations\nInstead of associating each Meraki switch individually to configure static IP addresses, an administrator can assign static IP addresses on the upstream DHCP"", ""Can't check, I'm remote\nOpen the selected offline node's page and check if the reported neighbor* in dashboard is a Meraki device online. If you are not sure where to find that\ninformation, select the your offline device type to find instructions:\nAfter a factory reset the device will lose any static IP configuration. Review the LAN IP section of the node's details page to reconfigure it if needed.""]"
What is VLAN tagging and how does it work on trunk ports?,"VLAN tagging is the process of adding an identifier (tag) to Ethernet frames to indicate the VLAN a frame belongs to. This is essential on trunk ports, which carry traffic for multiple VLANs.

The tagging uses IEEE 802.1Q headers, which insert a 4-byte tag into the Ethernet frame. The tag contains the VLAN ID (ranging from 1 to 4094). When a switch receives a tagged frame on a trunk port, it knows how to route it internally based on the VLAN ID. Untagged frames on a trunk port are associated with the native VLAN, which is typically VLAN 1 unless configured otherwise:

switchport trunk native vlan 99

This means traffic for VLAN 99 will be sent untagged."," VLAN tagging is a method used to identify the VLAN membership of a frame as it traverses multiple switches in a network. It involves adding a tag to frames containing information about their VLAN membership, allowing them to be carried across different VLANs. On trunk ports, VLAN tagging works by attaching a VLAN ID to the frames sent over the trunk link, making sure that each frame is correctly identified and forwarded to the appropriate VLAN on the destination switch. This enables switches to maintain separate broadcast domains within the same physical network and isolate traffic between different VLANs.","[""An IEEE 802.1Q trunk port supports simultaneous tagged and untagged traffic. An IEEE 802.1Q trunk \nport is assigned a default port VLAN ID (PVID), and all untagged traffic travels on the port default \nPVID. All untagged traffic and tagged traffic with a NULL VLAN ID are assumed to belong to the port \ndefault PVID. A packet with a VLAN ID equal to the outgoing port default PVID is sent untagged. All \nother traffic is sent with a VLAN tag."", ""For more information about trunk ports, see Chapter 12, \u201cConfiguring VLANs.\u201d"", ""to the MAP such as cameras or PCs and then fo rwarded to the RAP. The RAP then applies tags \nand forwards traffic to a switch on the wired network.\n\u0081 Trunk mode\u2014This mode requires the user to configure a native VLAN and an allowed VLAN list \n(no defaults). In this mode, both tagged and un tagged packets are accepted. Untagged packets are \nalways accepted and are tagged with the user sp ecified native VLAN. Tagg ed packets are accepted""]"
Why would a switch port constantly go up and down?,"If a switch port is flapping (going up and down repeatedly), it usually indicates a physical or Layer 1 issue. Common causes include:
- Faulty Ethernet cables or connectors
- Loose transceivers (SFPs)
- Power-saving features like Energy Efficient Ethernet
- Mismatched duplex settings
- Looping or unstable connected device

Check the port log using:
show interfaces status err-disabled
show log

You may also see %LINK-3-UPDOWN events in logs. Replacing the cable, disabling power-saving, or locking down speed/duplex manually can help isolate the issue."," A switch port could constantly go up and down due to network errors, such as intermittent connectivity issues or cable problems, causing the port status to fluctuate between 'up' and 'down'. Additionally, if the port mode is set to Auto and flow control is enabled, the switch may continuously negotiate with other devices, resulting in the port status changing frequently.","[""For example, to shut the port down for diagnostic purposes or while you are making topology\nchanges.\nThe status of a port can be up or down (Read-only):\nUp: The port senses a link beat.\nDown: The port is not enabled, has no cables connected, or is experiencing a network error. For\ntroubleshooting information, see the installation and getting started guide for your switch.\nFlow\nControl\nWith the port mode set to Auto (the default) and flow control on (enabled), the switch negotiates"", ""wasted switch ports that are not used.\nIn many companies, organizational changes occur all the time, meaning that\nsystem administrators spend a lot of time pulling out plugs and pushing them back"", ""configured as a stack port. For flexible stacking, check the Configuring a Flexible Switch Stack section of this article.\n5""]"
How does spanning tree determine which switch becomes the root bridge?,"Spanning Tree Protocol (STP) elects a root bridge based on Bridge ID, which is a combination of bridge priority and MAC address. The switch with the lowest Bridge ID becomes the root.

By default, all switches have a priority of 32768. If multiple switches have the same priority, the one with the lowest MAC address wins. You can manually influence this by setting a lower priority:

spanning-tree vlan 1 priority 4096

The root bridge becomes the focal point of the spanning tree topology, and all switches calculate the shortest path to it to prevent loops."," Spanning tree determines which switch becomes the root bridge by selecting the lowest bridge ID associated with each instance for each active VLAN. The bridge ID consists of the switch priority and the switch MAC address. For each VLAN, the switch with the lowest bridge ID becomes the root switch for that VLAN.","[""\u007f A root port is selected for each switch (except the root switch). This port provides the best path \n(lowest cost) when the switch forwards packets to the root switch. \nWhen selecting the root port on a switch stack, spanning tree follows this sequence:\n\u2013 Selects the lowest root bridge ID\n\u2013 Selects the lowest path cost to the root switch\n\u2013 Selects the lowest designated bridge ID\n\u2013 Selects the lowest designated path cost\n\u2013 Selects the lowest port ID"", ""Configuring the Root Switch\nThe switch maintains a separate spanning-tree instance for each active VLAN configured on it. A bridge \nID, consisting of the switch priority and the switch MAC address, is associated with each instance. For \neach VLAN, the switch with the lowest bridge ID becomes the root switch for that VLAN. \nTo configure a switch to become the root for the specified VLAN, use the spanning-tree vlan vlan-id"", ""Configuring the Root Switch\nThe switch maintains a separate spanning-tree instance for each active VLAN configured on it. A bridge \nID, consisting of the switch priority and the switch MAC address, is associated with each instance. For \neach VLAN, the switch with the lowest bridge ID becomes the root switch for that VLAN. \nTo configure a switch to become the root for the specified VLAN, use the spanning-tree vlan vlan-id""]"
How do I assign a static IPv6 address to a device on a Cisco switch?,"To assign a static IPv6 address to a device (such as an SVI or physical interface) on a Cisco switch:

interface vlan 10
 ipv6 address 2001:db8:10::1/64
 no shutdown

Make sure IPv6 routing is enabled:
ipv6 unicast-routing

This sets the IPv6 address manually, bypassing SLAAC or DHCPv6. You can verify it with:
show ipv6 interface vlan 10

IPv6 addresses are in hexadecimal format and are written in eight 16-bit blocks separated by colons."," To assign a static IPv6 address to a device on a Cisco switch, you can follow these steps:

1. Configure the Layer 3 interface (IPv6 SVI) with the desired VLAN, prefix, and IPv6 EUI64 or static IPv6 address using the command:
```
interface vlan <VLAN-ID>
ip address <IPv6-address> <prefix-length>
exit
```
2. If using EUI64, add the interface description with the command:
```
description <friendly-name>
```
3. Configure device tracking for IPv6 with the command:
```
device-tracking binding vlan <VLAN-ID> ipv6-address <IPv6-address> interface gigabitEthernet ge-intf-num hardware-or-mac-address
```
4. Save the configuration using the commands `Save` or `Save and add another`.","[""Configuring an IPv6 L3 Interface (IPv6 SVI)\n\u2022 Interface name: A friendly name/description for the interface/VLAN.\n\u2022 VLAN: The VLAN this layer 3 interface is in.\n\u2022 Prefix: The IPv6 subnet that this layer 3 interface is in, in CIDR notation (ex. 2001:db8::/32).\n\u2022 IPv6 EUI64: Option to use EUI (extended unique identifier) allowing the switch to automatically dervice the interface\nIPv6 address from the switch's MAC address. This option can only be used if the prefix length is /64."", ""entryorthesecondoptiontocreateanIPv6\nstaticentry.\nStep 2\n\u2022 device-tracking binding vlan vlan-id\nipv4-address interface\ngigabitEthernetge-intf-num\nhardware-or-mac-address\n\u2022 device-tracking binding vlan vlan-id\nipv6-address interface\ngigabitEthernetge-intf-num\nhardware-or-mac-address\nCisco Catalyst 9800 Series Wireless Controller Software Configuration Guide, Cisco IOS XE Dublin 17.12.x\n459\nRadio Resource Management\nAdding Static Entries for Wired Hosts"", ""in a subnet with a layer 3 interface. On switches that support IPv6 static routing, an IPv6 global unicast\naddress can be entered as the next hop IP.\n5. Click Save or Save and add another if additional static routes are needed.\n8""]"
What causes high latency or poor performance for wireless users?,"High latency or degraded performance for wireless users can be caused by multiple overlapping issues:
- Channel interference from neighboring APs or devices
- Signal attenuation due to walls, metal objects, or distance
- Band steering misconfiguration
- Excessive number of clients per AP
- Low RSSI (Received Signal Strength Indicator)
- AP overloading or misconfigured QoS

Use site surveys and tools like Meraki’s RF Spectrum to identify RF noise. Solutions include optimizing AP placement, separating SSIDs by purpose, and enabling load balancing or minimum RSSI thresholds to offload weak connections."," High latency or poor performance for wireless users can be caused by factors such as a high client count, excessive latency due to long queues or less direct routes to avoid congestion, interference from external sources (e.g., microwaves, cordless phones), and jitter resulting in time variation when packets are transmitted between systems.","[""\u2022 Wireless Latency by Client Count:ThisDashletcomparestheWirelessLatencybetweenyourWi-Fi\n6andNon-Wi-Fi6Networkforeachoftheaccesscategories(voice,video,besteffort,background).\nWirelesslatencyismeasuredbythetime(microseconds)ittakesforapackettobesuccessfullytransmitted\nfromanAPtotheclient.Hence,APradioswithahigherclientcountgenerallyhavehigherlatencythan\ncomparedtothosewithalowerclientcountundersimilarRFconditions.\nClient count inthisdashletreferstotheclientsthatareactivelysendingtraffic"", ""Latency  If a packet gets held up in long queues, or it takes a less direct route to avoid con-\ngestion, packets may be delayed. Excessive latency can cause real-time applications to be \nunusable, such as when audio and videos do not play properly.\nJitter  The time variation when packets leave one system and reach another affect the flow \nof real-time data. When listening to audio or video recordings, the sound or video might \npause and stop frequently."", ""\u2022 Check and troubleshoot affected APs.\nChannel With High Interference\nTriggers\nA radio channel has detected high interference from external sources. Check for sources of 2.4GHz or 5GHz emissions in the immediate vicinity, such as:\n\u2022 Microwaves\n\u2022 Cordless phones\n\u2022 Tablets\n14""]"
How do I navigate and edit configuration files in Cisco CLI?,"Cisco IOS CLI is command-line based and supports context-sensitive navigation. To edit configurations, enter global config mode:
configure terminal

From there, navigate into interface or line-specific contexts:
interface GigabitEthernet0/1

You can exit to previous levels using 'exit' and view context help with '?'.

To save changes:
write memory

To review the current configuration:
show running-config

And to rollback:
configure replace flash:backup-config

Always be cautious before writing memory on production devices."," To navigate and edit configuration files in Cisco CLI, follow these steps:

1. Access the full set of switch configuration features using the CLI.
2. Test configuration changes before making them permanent.
3. Use show commands to view the configuration for individual features such as port status or Spanning Tree Protocol.
4. To view the entire startup-config file, use a command like `show startup-config` or `show running-config`.
5. Edit the configuration file using an editor such as Notepad or WordPad on Windows or the VI editor on Linux.
6. Save your changes to the configuration file on the server.
7. To download the configuration file to the controller, either use the controller GUI or download it using a command like `copy run tftp` or `copy startup tftp`.","[""Using the CLI to implement configuration changes\nThe CLI offers these capabilities for implementing configuration changes:\nProcedure\n1. Access to the full set of switch configuration features\n2. The option of testing configuration changes before making them permanent\nHow to use the CLI to view the current configuration files. Use show commands to view the configuration for\nindividual features, such as port status or Spanning Tree Protocol. However, to view either the entire startup-"", ""add new CLI commands to the file.\nNote To edit the configuration file, you can use either Notepad or WordPad on Windows or the VI \neditor on Linux.\nStep 3 Save your changes to the configuration file on the server.\nStep 4 To download the configuration file to the controller, perform one of the following:\n\u0081 Download the file using the controller GUI. Follow the instructions in the \u201cUsing the GUI to \nDownload Configuration Files\u201d section on page 9-28 ."", ""section on page 5-9.\nConfiguration files contain commands entered to customize the function of the Cisco IOS software. A \nway to create a basic configuration file is to use the setup program or to enter the setup privileged EXEC \ncommand. For more information, see Chapter 4, \u201cAssigning the Switch IP Address and Default \nGateway.\u201d\nYou can copy (download) configuration files from a TFTP, FTP, or RCP server to the running""]"
What is MTU and why does it matter in network performance?,"MTU (Maximum Transmission Unit) defines the largest packet size (in bytes) that can be transmitted without fragmentation. For Ethernet, the default MTU is 1500 bytes.

Issues arise when a device sends packets larger than the MTU of the next-hop device, causing fragmentation or packet drops — especially problematic for VPNs, GRE tunnels, or Jumbo frames in data centers.

You can verify and set MTU on a Cisco interface:
show interface <name> | include MTU
mtu 9000

Adjusting MTU is crucial in optimizing performance and preventing hidden connectivity issues."," The Maximum Transmission Unit (MTU) refers to the maximum size of data that can be sent in a single packet or frame on a network. It matters in network performance because when a network device receives a frame larger than its MTU, the data must either be fragmented (split into smaller pieces) or dropped (discarded). Fragmentation can lead to increased latency and complexity in routing, while dropping can result in lost data. By knowing the MTU of devices on the network, applications and protocols can optimize their data packet sizes for efficient transmission and reduce the chances of fragmentation or data loss.","[""5000 1.73 1.66\n9212 1.73 1.66\nJumbo frame support\nEthernet tr a ffic  moves in units called frames. The maximum size of frames is called the Maximum Transmission Unit (MTU). When a network device\nreceives a frame larger than its MTU, the data is either fragmented or dropped. Historically, Ethernet has a maximum frame size of 1500 bytes, so\nmost devices use 1500 as their default MTU."", ""up to 9,000 bytes MTU. In cut-through mode, in jumbo mode, the MTU is 10200 which uses 20 buffer s.  In non-jumbo mode MTU is 1522 which uses\n3 buffer s.  Support for jumbo frames can be enabled using the jumbo command.\nMulti-Pr ocess  Memory Leak De t ection \nMemory leak de t ection  provides a snapshot of allocated memory when dynamic memory alloc a tion  or dealloc a tion  happens. Memory leak"", ""This begs the question of whether there are better designs. The answer is proba-\nbly \u2018\u2018Yes.\u2019\u2019 Consider the design inwhich each router simply truncates packets that\nexceed its MTU. This would ensure that the destination learns the MTU as rapidly\nas possible (from the amount of data thatwas delivered) and receives some of the\ndata.\n5.6 THE NETWORK LAYER IN THE INTERNET\nIt is now time to discuss the network layer of the Internet in detail. But before""]"
How can I back up switch configurations to the cloud or external service?,"Cloud-managed devices like Meraki automatically back up configurations to the cloud, with version history and rollback options available in the dashboard.

For non-cloud switches, you can automate backups to:
- TFTP/SCP servers
- SFTP storage (on newer Aruba/Cisco platforms)
- Configuration management tools like Ansible or RANCID

Example for a Cisco switch:
copy running-config scp://admin@192.168.1.100/backup.cfg

For long-term config hygiene, integrate with CI/CD pipelines or centralized logging solutions that store diffs and rollback points."," To backup switch configurations to the cloud or an external service, you can use a combination of Secure Copy Protocol (SCP) and a cloud-based storage platform like Amazon S3 or Google Cloud Storage. Follow these steps:

1. Enable SCP on your switches and configure them with the appropriate credentials for accessing the cloud storage service.
2. Use SCP commands to copy the switch configuration files from the local device to the desired cloud storage location. For example, use `scp username@switch_ip:/path/to/config_file local_destination` to copy the file.
3. Configure your cloud storage platform to allow access and downloads by the specified switch IP addresses or usernames.","[""\u007f To load the same configuration commands on all the switches in your network so that all the \nswitches have similar configurations.\nYo u c an  co py (upload) configuration files from the switch to a file server by using TFTP, FTP , or RCP. \nYou might perform this task to back up a current configuration file to a server before changing its \ncontents so that you can later restore the original configuration file from the server."", ""Configuration backup and restore without\nreboot\nBeginning with switch software release 16.05, the configuration backup and restore without reboot supports the\nfollowing features:\nInterface Access (Telnet, Console/Serial, web) Port Shutdown with Broadcast Storm\nAccess Control Lists (ACLs) Source-Port Filters\nAAA Authentication TACACS+ Authentication\nCoS (Class of Service) Time Protocols (TimeP, SNTP)\nNetwork Management Applications (SNMP) Uni-directional Link Detection (UDLD)"", ""\u007f To restore a backed-up configuration file.\n\u007f To use the configuration file for another switch. For example, you might add another switch to your \nnetwork and want it to have a configuration similar to the original switch. By copying the file to the \nnew switch, you can change the relevant parts rather than recreating the whole file.\n\u007f To load the same configuration commands on all the switches in your network so that all the \nswitches have similar configurations.""]"
How do I verify if a switch port is delivering PoE power correctly?,"To check PoE status on Cisco switches:
show power inline

This command shows power consumption per port, including:
- Admin state (auto or static)
- Power delivered (in mW)
- Device class (0–4)

If no power is being delivered, check if:
- The port is in a shutdown state
- The device exceeds PoE budget
- The cable is non-compliant or damaged

You can also enable PoE explicitly:
interface Gi0/1
 power inline auto

Aruba and Meraki switches provide similar info via their dashboards or 'show poe-status'."," To verify if a switch port is delivering PoE power correctly, you can check the ""Delivering"" status under the Detection Status of the specific port on the PoE Switch Panel View. This indicates that the port is delivering power to a Power over Ethernet (PoE) device. Additionally, in the Activity State column, look for the ""Sourcing Power"" image description, which confirms that the port is providing power.","[""Detection Status\n\u2022 Searching: The port is trying to detect a PD connection.\n\u2022 Delivering: The port is delivering power to a PD.\n\u2022 Disabled: On the indicated port, either PoE support is disabled or PoE power is enabled\nbut the PoE module does not have enough power available to supply the port's power\nneeds.\n\u2022 Fault: The switch detects a problem with the connected PD.\n\u2022 Other Fault: The switch has detected an internal fault that prevents it from supplying\npower on that port."", ""Figure 97. PoE Switch Panel View - Priority \nClass\nClick the Class radio button to show the class of the ports on the switch.\n\u2022 0 - this indicates 0.44-12.95W\nActivity State Image Description\nFault There is a fault in the port activity.\nPower Denied Power is denied for this port.\nSourcing Power This port is providing power."", ""Figure 97. PoE Switch Panel View - Priority \nClass\nClick the Class radio button to show the class of the ports on the switch.\n\u2022 0 - this indicates 0.44-12.95W\nActivity State Image Description\nFault There is a fault in the port activity.\nPower Denied Power is denied for this port.\nSourcing Power This port is providing power.""]"
What is the difference between CLI and GUI configuration in network switches?,"CLI (Command-Line Interface) provides direct control via text commands and is preferred for automation, scripting, and fine-grained control. GUI (Graphical User Interface), like Aruba Central or Meraki Dashboard, is more intuitive for visualizing topology and bulk policy management.

CLI is favored in:
- Advanced troubleshooting
- Precise interface-level configuration
- Environments requiring scripting (e.g., Ansible, Python)

GUI is favored in:
- Multi-site deployments
- Monitoring dashboards
- Policy-based configuration (e.g., templates)

Each has strengths; modern networks often combine both for efficiency and visibility."," The difference between CLI (Command Line Interface) and GUI (Graphical User Interface) configuration in network switches lies in their user interfaces. CLI is a text-based command interface that allows users to access the full set of commands for configuring, managing, and monitoring the switch. It provides password protection similar to the web browser interface (WebAgent) and the menu interface. On the other hand, GUI is a visual interface where users interact with graphical elements like buttons and menus to configure and manage the switches. Both CLI and GUI can be accessed through the switch console, but they offer different methods of interaction with the network devices.","[""Overview of the CLI\nThe CLI is a text-based command interface for configuring and monitoring the switch. The CLI gives you access\nto the switch\u2019s full set of commands while providing the same password protection that is used in the web browser\ninterface (WebAgent) and the menu interface.\nAccess\nLike the menu interface, the CLI is accessed through the switch console, and in the switch\u2019s factory default state,"", ""CHAPTER\n1-1\nCisco Wireless LAN Controller Command Reference \nOL-26557-01\n1\nUsing the Command-Line Interface\nThe command-line interface (CLI) is a line-orien ted user interface that provides commands for \nconfiguring, managing, and monitoring the Cisco Wire less LAN Controller. This chapter contains the \nfollowing topics:\n\u0081 CLI Command Keyboard Shortcuts, page 1-1\n\u0081 Using the Interactive Help Feature, page 1-2\nCLI Command Keyboard Shortcuts"", ""The Menu Interface and the CLI both use the switch console. Use the menu command to enter the menu from the\nCLI and the CLI option from the menu interface to enter the CLI.\nFor more on how switch memory manages configuration changes, see the Switch Memory and Configuration.\nChapter 3 Using the Menu Interface 25""]"
What is LLDP and how is it useful in network troubleshooting?,"LLDP (Link Layer Discovery Protocol) is a vendor-neutral Layer 2 protocol used to advertise a device's identity, capabilities, and neighbors. Devices send periodic LLDP packets containing information like hostname, port ID, VLAN, and system description.

You can view LLDP neighbors on a Cisco device using:
show lldp neighbors
show lldp neighbors detail

LLDP is especially helpful when mapping cable connections, identifying mispatches in access ports, or verifying PoE device connections. Unlike CDP, LLDP works across multi-vendor environments and is often used by VoIP phones to auto-discover switch settings."," LLDP (LLDP, or Link Layer Discovery Protocol) is a protocol used for network discovery between Network Connectivity devices. It allows these devices to exchange information about their physical connection, such as the device's identity and capabilities, over a local area network. In network troubleshooting, LLDP simplifies this process by providing accurate topologies within enterprise networks, enabling easier identification of devices with misconfigured or unreachable IP addresses.","[""\u2013 Accurate topologies simplify tr oubleshooting  within enterprise networks\n\u2013 Can discover devices with misc on figur ed  or unreachable IP addresses\nLLDP-MED overview\nLLDP-MED is an extension to LLDP . This protocol enables advanced LLDP features in a Voice over IP (VoIP) network. Whereas LLDP enables network\ndiscovery between Network Connectivity  devices, LLDP-MED enables network discovery between Network Connectivity  devices and media"", ""Media Endpoint Devices. This protocol enables a switch to c on figur e  and manage connected Media Endpoint devices that need to send media\nstreams across the network (for example, IP telephones and security cameras).\nLLDPDU (LLDP Data Unit) - A unit of in f orma tion  in an LLDP packet that consists of a sequence of short variable length in f orma tion  elements, known\nas TLVs. LLDP pass-through is not supported in conformance to IEEE standard."", ""LLDP terms used in this chapter\nEndpoint device - An LLDP-MED device located at the network edge, that provides some aspect of IP c ommunic a tions  service based on IEEE 802\nLAN technology. An Endpoint device is classified  in one of three class types (I, II, or III) and can be an IP telephone, softphone,  VoIP gateway, or\nconference bridge, among others.""]"
How do I configure link aggregation (LACP) on an Aruba switch?,"On Aruba switches (AOS-S or AOS-CX), LACP (Link Aggregation Control Protocol) allows bundling multiple interfaces into a single logical trunk for higher bandwidth and redundancy.

Example (AOS-S CLI):
trunk <port1>,<port2> trk1 lacp

This creates a dynamic trunk named trk1 from the specified ports. You must configure the same on the peer device. To assign VLANs:
vlan 10
 untagged trk1

Verify with show lacp and show trunk. Ensure both ends have matching speed, duplex, and mode settings to prevent link flapping or aggregation failure."," To configure link aggregation (LACP) on an Aruba switch, follow these steps:

1. Enter the interface configuration mode for the logical port channel: `interface lag <lag_number>`
2. Set the port to trunk mode with the specified encapsulation and switchport settings:
   - `switchport mode trunk`
   - `encapsulation dot1q`
   - `switchport mode access` (if required)
3. Add VLANs allowed on the link aggregation by specifying the VLAN number and associating it with the interface Bridge-Aggregation:
   - `interface <logical_port_channel>`
   - `vlan trunk allowed all`
   - `vlan <VLAN_number> tagged <Bridge-Aggregation_name>`
4. Enable LACP for the link aggregation: `lacp interface <logical_port_channel>`","[""Link Aggregation Control Protocol (LACP) CLI comparision \nArubaOS-CX-\nSwitch \nArubaOS-Switch Comware 7 Cisco \nConfiguration \ncommands \n   \ninterface lag 1 Trunk 1/20,1/24 trk1 \nlacp \ninterface Bridge-\nAggregation  1 \n description LACP-link-\nto-ArubaOS-Switch \n link-aggregation mode \ndynamic      \ninterface port-channel 1 \nswitchport  mode trunk \nencapsulation dot1q \nswitchport mode access \n \ninterface lag 1 \n vlan trunk \nallowed all \nvlan 220 tagged trk1 interface Bridge-\nAggregation  1"", ""WORD  Link-aggregate name \n  <cr> \n \nArubaOS-CX-Switch# sh lacp aggregates \n \nAggregate-name        : lag1 \nAggregated-interfaces : \nHeartbeat rate        : N/A \nAggregate mode        : off \n \nArubaOS-Switch \nArubaOS-Switch(config)# trunk 19-20 trk1 lacp \n \n \nArubaOS-Switch(config)# vlan 220 tagged trk1 \n \n \nArubaOS-Switch# show trunks \n \nLoad Balancing Method:  L3-based (default) \n \n  Port   | Name                             Type      | Group  Type"", ""aggregation. In ArubaOS-Switch, aggregated links are called trunks. In Cisco , the term is EtherChannel. \nIn addition, Cisco Etherchannel has two modes: PAgP (Cisco specific) or LACP. LACP mode is shown in \nthe Cisco configuration examples. \nIn Cisco, trunk refers to an interface that is configured to support multiple VLANs via 802.1Q. \nThis chapter covers the configuration of LACP port aggregation\u2014sometimes referred to as protocol""]"
How can I track which client was using a specific IP address earlier on the network?,"To identify which client used a specific IP address historically, check the DHCP binding table on your DHCP server or switch:
show ip dhcp binding

If DHCP snooping is enabled, you can also query the DHCP snooping database:
show ip dhcp snooping binding

For cloud-managed networks like Meraki or Aruba Central, use the client search feature to retrieve MAC-IP history. This helps trace devices in case of policy violations or audit requirements."," To track which client was using a specific IP address earlier on the network, you can review the event logs that reflect the MAC addresses and their claimed IP addresses. These logs will show a history of IP conflicts and the clients involved in these conflicts. You can then identify the specific rogue client by looking for the MAC address associated with the desired IP address in the event logs.","[""knowledge base article on searching for specific clients. Select the client and view the status information to determine the switch and port number where the\nclient is connected:\nBefore changing the IP address of the client you should note the IP address of the DHCP server that assigned the DHCP lease:\n2"", ""00:0a:8a:7d:f5:f5  Alert              1     Mon Dec  3 21:56:36 2007\n00:18:ba:78:c4:44  Alert              1     Mon Dec  3 21:59:36 2007\n00:18:ba:78:c4:d1  Alert              1     Mon Dec  3 21:47:36 2007\n00:18:ba:78:ca:f8 Alert         1  Mon Dec  3 22:02:36 2007\n...\n9. To view detailed information for a specific rogue client, enter this command:\nshow rogue client detailed  client_mac_address\nInformation similar to the following appears:"", ""After an IP address conflict is detected, a set of event logs will reflect the MAC addresses that are using the same IP address\nJul 1 11:00:00 Test-Windows8 Client IP conflict MAC: 70:32:4B:DE:70:62 also claims IP: 192.168.1.225\nJul 1 11:00:00 FileServer01 Client IP conflict MAC: 9B:00:AA:5F:AD:9F also claims IP: 192.168.1.225\nClient IP Conflicts""]"
What is IGMP snooping and when should it be enabled?,"IGMP snooping allows a Layer 2 switch to monitor Internet Group Management Protocol (IGMP) messages exchanged between clients and multicast routers. This prevents multicast traffic from being flooded to all ports.

To enable on a Cisco switch:
ip igmp snooping
ip igmp snooping vlan 10

It’s essential in environments like IPTV, conferencing, or surveillance systems. If no multicast router is present, an IGMP querier may need to be configured on the switch."," IGMP (Internet Group Management Protocol) snooping is a mechanism used in switches to efficiently manage multicast traffic. It listens to IGMP messages and maintains a dynamic table of multicast group memberships, allowing the switch to forward multicast packets only to the ports with active members of those groups.

IGMP snooping should be enabled when you need to support multicast traffic on your network, such as when using applications like video conferencing or streaming that rely on multicast transmissions. It helps in optimizing network performance and reducing unnecessary broadcasts.","[""for IGMP snooping.\nCommand Purpose\nStep 1 configure terminal Enter global configuration mode.\nStep 2 no ip igmp snooping report-suppression Disable IGMP report suppression.\nStep 3 end Return to privileged EXEC mode.\nStep 4 show ip igmp snooping Verify that IGMP report suppression is disabled.\nStep 5 copy running-config startup-config (Optional) Save your entries in the configuration file."", ""definition 20-1\nIGMP snooping (continued)\nenabling and disabling 20-7\nglobal configuration 20-7\nImmediate Leave 20-5\nmethod 20-8\nmonitoring 20-15\nquerier\nconfiguration guidelines 20-14\nconfiguring 20-14\nsupported versions 20-2\nsupport for 1-3\nVLAN configuration 20-7\nIGMP throttling\nconfiguring 20-27\ndefault configuration 20-24\ndescribed 20-24\ndisplaying action 20-28\nImmediate Leave, IGMP 20-5\ninaccessible authentication bypass 9-13\ninitial configuration\ndefaults 1-10\nExpress Setup 1-2"", ""\u007f Setting the Snooping Method, page 20-7\n\u007f Configuring a Multicast Router Port, page 20-9\n\u007f Configuring a Host Statically to Join a Group, page 20-10\n\u007f Enabling IGMP Immediate-Leave Processing, page 20-10\n\u007f Disabling IGMP Report Suppression, page 20-11\nDefault IGMP Snooping Configuration\nTable 20-3 shows the default IGMP snooping configuration.\nEnabling or Disabling IGMP Snooping\nBy default, IGMP snooping is globally enabled on the switch. When globally enabled or disabled, it is""]"
How does Dynamic ARP Inspection (DAI) work and why is it important?,"DAI protects against ARP spoofing by validating ARP packets on untrusted switch ports. It checks each ARP reply against the DHCP snooping binding table. If the packet doesn't match a known MAC-IP binding, it's dropped.

To enable on a Cisco switch:
ip arp inspection vlan 10
interface <uplink-port>
 ip arp inspection trust

DAI requires DHCP snooping to be active and accurate bindings to exist. It is vital in securing Layer 2 networks from man-in-the-middle attacks."," Dynamic ARP Inspection (DAI) is a security feature that validates Address Resolution Protocol (ARP) packets in a network. It intercepts, logs, and discards ARP packets with invalid IP-to-MAC address bindings, protecting the network from certain man-in-the-middle attacks. DAI defines two types of interfaces: trusted and untrusted. Trusted interfaces do not check ARP packets; they simply forward them. Untrusted interfaces have ARP inspection performed on them. When a packet arrives on an untrusted interface, the switch searches for the IP address in the ARP static binding list. If the IP address is found and the MAC address in the list matches the packet's MAC address, the packet is allowed through. DAI is important because it helps prevent attacks like ARP spoofing, where an attacker can intercept and manipulate network communications by associating their MAC address with a different IP address, potentially gaining unauthorized access to sensitive information.","[""181  Aruba Instant On 1930 Switch Series\nManagement and Configuration Guide\nFigure 152. Add DHCP Snooping Binding Dialog Box\nARP Attack Protection\nARP attack protection is a security feature that validates ARP packets in a network. It intercepts, logs, and \ndiscards ARP packets with invalid IP-to-MAC address bindings. This capability protects the network from \ncertain man-in-the-middle attacks.\nThe ARP inspection feature defines two types of interfaces:"", ""181  Aruba Instant On 1930 Switch Series\nManagement and Configuration Guide\nFigure 152. Add DHCP Snooping Binding Dialog Box\nARP Attack Protection\nARP attack protection is a security feature that validates ARP packets in a network. It intercepts, logs, and \ndiscards ARP packets with invalid IP-to-MAC address bindings. This capability protects the network from \ncertain man-in-the-middle attacks.\nThe ARP inspection feature defines two types of interfaces:"", ""\u2022 Trusted interface: The switch d oes not check ARP packets that are received on the trusted interface; it \nsimply forwards the packets.\n\u2022 Untrusted interface. ARP inspect ion is performed only on untrusted interfaces.\nWhen a packet arrives on an untrusted interfaces the following logic is implemented:\nIf the VLAN that the packet arrived on has ARP static binding list defined, then search that list. \n\u2022 If the IP address is found and  the MAC address in the list matches the packet's MAC address\uf020""]"
"How does QoS prioritize traffic on a switch, and what are typical use cases?","QoS (Quality of Service) allows a switch to prioritize traffic by classifying it based on type (e.g., voice, video, bulk data), marking it with DSCP or CoS values, and assigning it to queues.

For example:
mls qos
class-map match-any VOICE
 match dscp ef
policy-map QOS-POLICY
 class VOICE
  priority

Use cases include prioritizing VoIP, video conferencing, or critical application traffic. QoS helps avoid latency and jitter in congested networks."," QoS prioritizes traffic on a switch by classifying packets or flows, assigning labels to indicate their quality of service, making packets comply with configured resource usage limits (policing and marking), providing different treatment (queuing and scheduling) in situations with resource contention, and ensuring that traffic sent from the switch meets a specific traffic profile (shaping). 

Typical use cases for QoS prioritization include:
1. Ensuring real-time applications like voice and video have low latency and jitter.
2. Prioritizing critical business applications to ensure reliable communication.
3. Managing congestion during peak traffic periods, reducing the likelihood of packet loss.
4. Improving overall network performance and making bandwidth utilization more effective.","[""Basic QoS Model\nTo implement QoS, the switch must distinguish packets or flow from one another (classify), assign a \nlabel to indicate the given quality of service as the packets move through the switch, make the packets \ncomply with the configured resource usage limits (police and mark), and provide different treatment \n(queue and schedule) in all situations where resource contention exists. The switch also needs to ensure \nthat traffic sent from it meets a specific traffic profile (shape)."", ""Basic QoS Model\nTo implement QoS, the switch must distinguish packets or flow from one another (classify), assign a \nlabel to indicate the given quality of service as the packets move through the switch, make the packets \ncomply with the configured resource usage limits (police and mark), and provide different treatment \n(queue and schedule) in all situations where resource contention exists. The switch also needs to ensure \nthat traffic sent from it meets a specific traffic profile (shape)."", ""equal chance of being dropped.\nWhen you configure the QoS feature, you can select specific network traffic, prioritize it according to \nits relative importance, and use congestion-management and congestion-avoidance techniques to \nprovide preferential treatment. Implementing QoS in your network makes network performance more \npredictable and bandwidth utilization more effective.""]"
How can I troubleshoot ACLs that are not working as expected?,"If an ACL isn't behaving as expected, check these:
1. Confirm the direction and interface.
2. Remember the implicit deny at the end.
3. Use hit counters: show access-lists
4. Add 'log' to rules to trace matching traffic.
5. Check for incorrect subnet masks or typos.

Also verify that the ACL is applied with the correct syntax:
interface GigabitEthernet0/1
 ip access-group 101 in

Extended ACLs offer more control by filtering based on protocol, ports, and IP pairs."," To troubleshoot ACLs that are not working as expected, follow these steps:

1. Enable counters on the Access Control Lists page to see if packets are hitting any of the configured ACLs on your controller. Check the ""Enable Counters"" checkbox and click Apply.
2. Use the CLI to configure ACLs by entering the command ""show acl summary"" to see all of the ACLs that are configured on the controller. Check if the ACL you're troubleshooting is enabled.
3. Enter the command for detailed information about a particular ACL, and verify the rules and order within the ACL.
4. Remember that on ArubaOS-Switch and Cisco, ACLs include an Implicit Deny as the last ACE, so if traffic does not match an ACL rule, it is denied or dropped.","[""Figure 5-30 Access Control Lists Page\nThis page lists all of the ACLs that have been configured for this controller.\nNote If you want to delete an existing ACL, hover your cursor over the blue drop-down arrow for that \nACL and choose Remove.\nStep 2 If you want to see if packets are hitting any of the ACLs configured on your controller, check the Enable \nCounters  check box and click Apply. Otherwise, leave the check box unchecked, which is the default"", ""Using the CLI to Configure Access Control Lists\nFollow these steps to configure ACLs using the controller CLI.\nStep 1 To see all of the ACLs that are configur ed on the controller, enter this command:\nshow acl summary\nInformation similar to the following appears:\nACL Counter Status  Enabled\n-------------------------------------\nACL Name Applied\n------------------------- -----------\nacl1  Yes\nacl2 Yes\nacl3  Yes\nStep 2 To see detailed information for a particular ACL, enter this command:"", ""When using these commands, keep in mind: \n\uf0b7 On ArubaOS-Switch and Cisco, ACLs include an Implicit Deny as the last ACE. If traffic does \nnot match an ACL rule, it is denied (or dropped). \nAccess Control Lists ('ACLs') allow a network administrator to define sets of rules based on network \ntraffic addressing or other header content, and to use these rules to restrict, alter or log the passage of""]"
How do I update firmware on Aruba switches and what should I check first?,"To update firmware on Aruba AOS-S switches:
1. Check current version: show version
2. Copy firmware: copy tftp flash <TFTP-IP> <filename>
3. Set boot image: boot system flash <filename>
4. Save: write memory
5. Reboot: reload

Before upgrading, verify hardware compatibility, backup configuration, and read the release notes. In Aruba Central, upgrades can be scheduled with minimal disruption."," To update the firmware on Aruba switches, follow these steps:

1. Navigate to Figure 13: System–Firmware Update in the ArubaOS-Switch UI (Chapter 4).
2. Use the local system from where the browser is being used to select a firmware file.
3. Ensure you have the required information before contacting Support, including technical support registration number (if applicable), product name and model or version, serial number, operating system name and version, firmware version, error messages, product-specific reports and logs, and add-on products or components.

Before updating the firmware, check the following:

1. Verify that you have the correct firmware file for your specific Aruba switch model.
2. Ensure that the switch is not currently in use by any network devices or services to avoid disruption.
3. Confirm that the power supply and internet connection are stable during the update process.","[""Figure 13: System\u2013Firmware Update\nThis functionality updates the device firmware with a file from the local system where the browser is being used.\nChapter 4 ArubaOS-Switch UI 41"", ""https://www.arubainstanton.com/contact-support/\nAccessing Aruba Support\nTo access Aruba Support, go to https://www.arubanetworks.com/support-services/.\nBe sure to collect the following information before contacting Support:\n\u2022 Technical support registration number (if applicable)\n\u2022 Product name, model or version, and serial number\n\u2022 Operating system name and version\n\u2022 Firmware version\n\u2022 Error messages\n\u2022 Product-specific reports and logs\n\u2022 Add-on products or components"", ""https://www.arubainstanton.com/contact-support/\nAccessing Aruba Support\nTo access Aruba Support, go to https://www.arubanetworks.com/support-services/.\nBe sure to collect the following information before contacting Support:\n\u2022 Technical support registration number (if applicable)\n\u2022 Product name, model or version, and serial number\n\u2022 Operating system name and version\n\u2022 Firmware version\n\u2022 Error messages\n\u2022 Product-specific reports and logs\n\u2022 Add-on products or components""]"
What is a MAC address table and how can it help in troubleshooting?,"A MAC address table maps MAC addresses to switch ports. It tells the switch where to forward Ethernet frames.

Command:
show mac address-table

Use it to verify if a device is connected and active. If no MAC is listed, the device may be offline. Multiple MACs on one port could indicate a loop or misconfigured trunk. Clear the table with clear mac address-table dynamic to force relearning."," A MAC address table, also known as the bridge table or forwarding database, keeps track of the Media Access Control (MAC) addresses associated with each port on a switch. It enables the switch to forward unicast traffic through the appropriate port. In troubleshooting, the MAC address table can help identify the correct path for traffic flow and ensure that devices are properly connected to the network by verifying their MAC addresses.","[""MAC Table\nThe MAC address table keeps track of the Media Access Control (MAC) addresses associated with each \nport. This table enables the switch to forward unicast traffic through the appropriate port. The MAC \naddress table is sometimes called the bridge table or the forwarding database. The address table supports \nup to 16K MAC address entries. \nTo display the MAC Table page, click Diagnostics > MAC Table in the navigation pane."", ""MAC Table\nThe MAC address table keeps track of the Media Access Control (MAC) addresses associated with each \nport. This table enables the switch to forward unicast traffic through the appropriate port. The MAC \naddress table is sometimes called the bridge table or the forwarding database. The address table supports \nup to 16K MAC address entries. \nTo display the MAC Table page, click Diagnostics > MAC Table in the navigation pane."", ""Displaying Address Table Entries\nYou can display the MAC address table by using one or more of the privileged EXEC commands \ndescribed in Table 6-4:\nManaging the ARP Table\nTo communicate with a device (over Ethernet, for example), the software first must learn the 48-bit MAC \naddress or the local data link address of that device. The process of learning the local data link address \nfrom an IP address is called address resolution .""]"
How do I enable and interpret logging timestamps on a Cisco switch?,"To enable timestamps in logs:
service timestamps log datetime msec localtime show-timezone

This includes detailed time data in log entries. View logs with:
show logging

Accurate timestamps are vital for diagnosing time-sensitive issues. Ensure the switch clock is synced using clock set or NTP."," To enable and interpret logging timestamps on a Cisco switch, follow these steps:

1. Enter privileged EXEC mode by using the `enable` command if you are not already in this mode.
2. Use the `config service timestamps` global configuration command to enable or disable timestamps in message logs. For example, use `config service timestamps log datetime` to configure timestamp message logs with the standard date and time.
3. To disable time stamps for both debug and log messages, use the `no service timestamps` global configuration command.

By enabling logging timestamps, you can easily interpret the time at which a particular log entry was generated, making it easier to troubleshoot network issues or analyze switch activity.","[""2-854\nCisco Wireless LAN Controller Command Reference\nOL-26557-01\nChapter 2      CLI Commands\nconfig service timestamps\nconfig service timestamps \nTo enable or disable timestamps in message logs, use the config service timestamps command.\nconfig service timestamps {debug | log} {datetime | disable}\nSyntax Description\nCommand Default Disabled.\nExamples This example shows how to configure timestamp me ssage logs with the standard date and time:\n> config service timestamps log datetime"", ""26-8\nCatalyst 3750 Switch Software Configuration Guide\n78-15164-04\nChapter 26      Configuring System Message Logging\nConfiguring System Message Logging\nEnabling and Disabling Time Stamps on Log Messages\nBy default, log messages are not time-stamped. \nBeginning in privileged EXEC mode, follow these steps to enable time-stamping of log messages. This \nprocedure is optional.\nTo disable time stamps for both debug and log messages, use the no service timestamps global \nconfiguration command."", ""26-7\nCatalyst 2960 Switch Software Configuration Guide\nOL-8603-01\nChapter 26      Configuring System Message Logging\nConfiguring System Message Logging\nEnabling and Disabling Time Stamps on Log Messages\nBy default, log messages are not time-stamped. \nBeginning in privileged EXEC mode, follow these steps to enable time-stamping of log messages. This \nprocedure is optional.\nTo disable time stamps for both debug and log messages, use the no service timestamps  global \nconfiguration command.""]"
How do I configure remote logging on a Cisco switch?,"Remote logging allows syslog messages to be sent to a centralized syslog server for storage and analysis.

To configure:
logging host <syslog-server-ip>
logging trap informational
logging on

You can specify a source interface:
logging source-interface Vlan1

This ensures logs are sent with a consistent source IP. Use show logging to verify local logs and transmission status."," To configure remote logging on a Cisco switch, you need to follow these steps:

1. Add a line such as local7.debug /usr/adm/logs/cisco.log to the file /etc/syslog.conf. The local7 keyword specifies the logging facility to be used, and the debug keyword specifies the syslog level.

2. Configure the switch to send Event Log messages to one or more Syslog servers by using commands like:
   - logging on (to enable logging)
   - logging host [IP address] (to specify the Syslog server's IP address)
   - logging buffered 100000 (to buffer up to 100,000 messages)

3. You can also configure the messages to be sent to the User log facility (default) or to another log facility on configured Syslog servers by using commands like:
   - logging facility [facility_number] (where [facility_number] is the number corresponding to the desired log facility)","[""options must be added to or removed from the syslog command line to enable logging of remote syslog \nmessages.\nStep 1 Add a line such as the following to the file /etc/syslog.conf:\nlocal7.debug /usr/adm/logs/cisco.log\nThe local7 keyword specifies the logging facility to be used; see Table 26-4 on page 26-12 for \ninformation on the facilities. The debug  keyword specifies the syslog level; see Table 26-3 on"", ""options must be added to or removed from the syslog command line to enable logging of remote syslog \nmessages.\nStep 1 Add a line such as the following to the file /etc/syslog.conf:\nlocal7.debug /usr/adm/logs/cisco.log\nThe local7  keyword specifies the logging facility to be used; see  Table 26-4 on page 26-11  for \ninformation on the facilities. The debug keyword specifies the syslog level; see Table 26-3 on page 26-9"", ""\u2022 Configure the switch to send Event Log messages to one or more Syslog servers. In addition, you can\nconfigure the messages to be sent to the User log facility (default) or to another log facility on configured\nSyslog servers.\n\u2022 Configure the switch to send Event Log messages to the current management- access session (serial-connect\nCLI, Telnet CLI, or SSH).\n\u2022 Disable all Syslog debug logging while retaining the Syslog addresses from the switch configuration. This""]"
What is a routing loop and how can it be prevented?,"A routing loop occurs when packets circulate endlessly between routers due to incorrect or outdated routing information. Symptoms include high CPU, degraded performance, and dropped traffic.

Prevention techniques:
- TTL (Time To Live)
- Split horizon
- Poison reverse
- Route summarization

Modern protocols like OSPF and EIGRP have built-in loop prevention using link-state databases or feasibility checks."," A routing loop occurs when two or more paths exist between two devices in a network, causing data packets to continuously circulate within the loop instead of reaching their intended destination. This can lead to decreased performance, increased latency, and potential loss of data.

To prevent routing loops, Loop Guard is recommended to be enabled on non-designated fiber ports in physically redundant topologies. Additionally, it is advised to pair Loop Guard with Unidirectional Link Detection (UDLD) for enhanced protection against loops.","[""addresses or forward traffic, thereby preventing a loop from forming. It is recommended that Loop Guard be enabled on non-designated fiber ports in physically redundant topologies. It is also recommended that Loop\nGuard be paired with Unidirectional Link Detection (UDLD). For more information on UDLD, check out our Unidirectional Link Detection article.\nSave Changes to a Switch Port\u2019s STP Configuration\nSelect Update at the bottom of the switch port configuration menu to save your configuration."", ""routing protocol by slowly changing its inputs. This is calledtraffic engineering."", ""484 THE NETWORK LAYER CHAP. 5\nThis strategy is known asearly exit or hot-potato routing. It has the curious\nside effect of tending to make routes asymmetric. For example, consider the path\ntaken when C sends a packet back toB. The packet will exitAS3 quickly, at the\ntop router, to avoid wasting its resources. Similarly, it will stay at the top when\nAS2 passes it to AS1 as quickly as possible. Then the packet will have a longer\njourney in AS1. This is a mirror image of the path taken fromB to C.""]"
How do I configure IPv6 DNS settings on a client interface?,"To configure IPv6 DNS on a Cisco interface:
interface Vlan10
 ipv6 address 2001:db8:10::1/64
 ipv6 nd other-config-flag
 ipv6 dhcp client dns-server 2001:4860:4860::8888

This allows clients to get DNS via DHCPv6 while using SLAAC or static addressing. In Linux, you can also set IPv6 DNS in /etc/resolv.conf."," To configure IPv6 DNS settings on a client interface, follow these steps:

1. Access the device's command-line interface (CLI) or graphical user interface (GUI).
2. Navigate to the appropriate configuration mode for the desired interface (e.g., Device#configure terminal or Device#interface fastethernet 0/0).
3. Configure the IPv6 address and prefix length for the client interface:
   Example: ipv6 address 2001:300:8::82/64
4. Enable stateless address autoconfiguration for the client interface:
   Example: ipv6 nd manual-address on-link
5. Configure the DNS server for IPv6 addresses (typically using the same address for both IPv4 and IPv6):
   Example: ipv6 name-server 2001:300:8::9
6. Save the configuration changes and exit the configuration mode.","[""redirect-server-ip6 IPv6-address\nExample:\nStep 6\nHere,IPv6-address referstotheIPv6address.Device(config-urlfilter-params)#\nredirect-server-ipv6\n2001:300:8::82\nConfiguresanURL.url urlStep 7\nExample: Here,url referstothenameoftheURL.\nDevice(config-urlfilter-params)# url\nurl1.dns.com\nReturnstoprivilegedEXECmode.end\nExample:\nStep 8\nDevice(config-urlfilter-params)# end\nApplying URL Filter List to Policy Profile (GUI)\nProcedure\nStep 1 ChooseConfiguration >Tags & Profiles >Policy."", ""Prerequisites for IPv6 Client Address Learning\nBeforeconfiguringIPv6clientaddresslearning,configurethe clientstosupportIPv6.\nToenablewirelessIPv6clientconnectivity,theunderlyingwirednetworkmustsupportIPv6routingandan\naddressassignmentmechanism,suchasSLAACorDHCPv6.ThewirelessLANcontroller musthaveL2\nadjacencytotheIPv6router.\nTheAPlearnsIPv6clientaddressbasedonsourceIPaddresseventhoughNeighborAdvertisementscanhold"", ""Verifiesyourentries.show ipv6 interface brief\nExample:\nStep 9\nDevice#show ipv6 interface brief\nChecksthegatewayconnectivity.ping ipv6 destination-address or hostname\nExample:\nStep 10\nDevice#ping ipv6 1:1:1:1::10\nConfiguring Preferred IP Address as IPv6 (GUI)\nProcedure\nStep 1 ChooseConfiguration >Tags & Profiles >AP Join.\nStep 2 ClicktheAPJoinProfileName.TheEdit AP Join Profile windowisdisplayed.\nStep 3 ChooseCAPWAP >Advanced.\nStep 4 FromthePreferred Mode drop-downlist,selectIPV6.""]"
What does the 'LAN IP down' alert mean in Meraki Dashboard?,"This alert indicates that the LAN uplink of a Meraki device is physically down or not receiving an IP address.

Common causes:
- Disconnected cable
- Powered-off upstream switch
- DHCP failure
- STP blocking
- Incorrect VLAN configuration

Check the event log, port LED, and run a live connectivity test from the dashboard."," The 'LAN IP down' alert in Meraki Dashboard indicates that a connected device has lost its LAN IP address or is not able to communicate over the local network. This may be due to misconfiguration, device failure, or network issues. To troubleshoot this issue, check the device details page for any reported NAT issues and verify if the neighbor in dashboard is a Meraki device online. Additionally, ensure that the device has the correct static IP configuration after a factory reset if needed.","[""address translation (NAT) issue.\"" is reported on the device details page in dashboard.\n\u2022 Devices cannot connect to your network.\nTroubleshooting Steps\nThis alert is generally caused by an upstream firewall not using stateful packet inspection. In this instance, the Meraki device's TCP synchronize (SYN)\npacket is reaching the cloud. When the cloud responds to the Meraki device with a TCP synchronize acknowledge (SYN/ACK), it is dropped by the firewall. The"", ""Can't check, I'm remote\nOpen the selected offline node's page and check if the reported neighbor* in dashboard is a Meraki device online. If you are not sure where to find that\ninformation, select the your offline device type to find instructions:\nAfter a factory reset the device will lose any static IP configuration. Review the LAN IP section of the node's details page to reconfigure it if needed."", ""Meraki Cloud Communication Issues\nTriggers\nThis is due to a wrong configuration on network equipment (typically a firewall or a device performing NAT) that is supposed to let the Meraki device connect to\nthe internet. This alert may also be phrased as \""The Cisco Meraki Cloud is having difficulty communicating with this device\"".\nTroubleshooting Steps""]"
How does root guard work in STP and when should it be used?,"Root guard prevents a port from becoming the root port in STP. If superior BPDUs are received, the port enters root-inconsistent state.

Enable with:
interface GigabitEthernet1/0/1
 spanning-tree guard root

Use on access ports where you want to prevent devices from influencing the root bridge election."," Root guard works in STP by protecting the Spanning Tree topology of a network by enforcing the location of the Root Bridge. It is recommended to use root guard on ports connecting to neighboring, downstream switches. When enabled on a port and it receives a superior BPDU, the port is put into a root-inconsistent state, preventing it from learning MAC addresses or forwarding traffic.","[""Root guard\nRoot guard is used to protect the Spanning Tree topology of a network by enforcing the location of the Root Bridge. If a port with Root Guard enabled on it receives a superior BPDU, the port will transition into an STP-\ninconsistent state. In this state, the port will still process BPDUs but will not learn MAC addresses or forward traffic. It is recommended that Root Guard be applied to ports connecting to neighboring, downstream switches"", ""Root guard can be used to predetermine a root bridge loc a tion  and prevent rogue or unwanted switches from becoming the root bridge.\nWhen root guard is enabled on a port, it keeps the port in a designated role. If the port receives a superior STP Bridge Protocol Data Units (BPDU), it\nputs the port into a root-inconsistent state and triggers a syslog message and an SNMP trap. The root-inconsistent state is equivalent to the blocking"", ""Enabling STP root guard\nAn STP root guard is c on figur ed  on an interface by entering commands similar to the following.\ndevice(config)# interface ethernet 1/1/5\ndevice(config-if-e10000-1/1/5)# spanning-tree root-protect\nEnter the no form of the command to disable STP root guard on the port.\nSpanning Tree Protocol\nRoot guard\nRUCKUS FastIron Layer 2 Switching Con figur a tion  Guide, 09.0.10\nPart Number: 53-1005715-01 241""]"
What is an SFP and how do I verify it's functioning properly?,"An SFP (Small Form-factor Pluggable) is a modular transceiver used in switch uplinks for fiber or copper connectivity.

Verify with:
show interfaces transceiver
show inventory

Check SFP presence, vendor ID, Tx/Rx power levels, and compatibility. Be aware that third-party SFPs may trigger warnings or be unsupported."," An SFP (small form-factor pluggable) is a type of fiber optic transceiver used in network equipment such as switches and routers. It allows for the connection and transmission of data over fiber optic cabling. To verify its proper functioning, you can use the ""show interfaces transceiver"" privileged EXEC command on the switch or router. This command displays the operational status, temperature, current, alarm status, speed, and duplex settings of the SFP module on a specific interface, allowing you to confirm that it is working correctly.","[""SFP Module Security and Identification\nCisco small form-factor pluggable (SFP) modules have a serial EEPROM that contains the module serial \nnumber, the vendor name and ID, a unique security code, and cyclic redundancy check (CRC). When an \nSFP module is inserted in the switch , the switch software reads the EEPROM to verify the serial number, \nvendor name and vendor ID, and recompute the security code and CRC. If the serial number, the vendor"", ""SFP Module Security and Identification\nCisco-approved small form-factor pluggable (SFP) modules have a serial EEPROM that contains the \nmodule serial number, the vendor name and ID, a unique security code, and cyclic redundancy check \n(CRC). When an SFP module is inserted in the switch, the switch software reads the EEPROM to verify \nthe serial number, vendor name and vendor ID, and recompute the security code and CRC. If the serial"", ""Monitoring SFP Module Status\nYou can check the physical or operational status of an SFP module by using the show interfaces \ntransceiver  privileged EXEC command. This command shows the operational status, such as the \ntemperature and the current for an SFP module on a spec ific interface and the alarm status. You can also \nuse the command to check the speed and the duplex settings on an SFP module. For more information,""]"
How do I configure port mirroring on an Aruba switch?,"Port mirroring copies traffic from one port to another for analysis.

AOS-S CLI:
mirror 1 port <source-port> both
interface <destination-port>
 monitor 1

AOS-CX:
monitor session 1
 source interface <source-port>
 destination interface <destination-port>

Use show monitor to verify status. Avoid mirroring high-throughput sources to low-speed ports."," To configure port mirroring on an Aruba switch, follow these steps:

1. Navigate to Switching > Port Mirroring in the management interface.
2. Click Add to create a new session or click Edit on an existing session.
3. Fill out the required fields in Table 23 (Mirroring Sessions Fields) for the session.
4. Save and apply the changes.","[""inbound IPv4 or IPv6 traffic for mirroring.\nMirroring Destination For a local mirroring session, displays the port configured as the exit port on the source\nswitch.\nTable Continued\n294 Aruba 2530 Management and Configuration Guide for\nArubaOS-Switch 16.05"", ""45  Aruba Instant On 1930 Switch Series\nManagement and Configuration Guide\nMirroring Sessions \nTo display the Mirroring Sessions tile, click Switching > Port Mirroring in the navigation pane. The Mirror-\ning Sessions tile appears.\nFigure 29. Mirroring Sessions Tile\nTable 23. Mirroring Sessions Fields\nConfiguring a Port Mirroring Session\nTo add a session in the Mirroring Sessions pane, click Add .  \nTo edit an existing session, click the check box to the left of the session entry and click Edit ."", ""45  Aruba Instant On 1930 Switch Series\nManagement and Configuration Guide\nMirroring Sessions \nTo display the Mirroring Sessions tile, click Switching > Port Mirroring in the navigation pane. The Mirror-\ning Sessions tile appears.\nFigure 29. Mirroring Sessions Tile\nTable 23. Mirroring Sessions Fields\nConfiguring a Port Mirroring Session\nTo add a session in the Mirroring Sessions pane, click Add .  \nTo edit an existing session, click the check box to the left of the session entry and click Edit .""]"
What is multicast flooding and how can it be avoided?,"Multicast flooding occurs when multicast traffic is sent to all ports in a VLAN, often due to missing IGMP snooping.

To prevent:
- Enable IGMP snooping
- Ensure presence of an IGMP querier
- Filter unnecessary multicast groups

Cisco example:
ip igmp snooping
ip igmp snooping querier

This is important in video, voice, and wireless environments."," Multicast flooding is a process in which multicast traffic is sent to all ports on a switch when a Topology Change Notification (TCN) event occurs, such as a change in the location of a client or a port going down. This can lead to packet loss and exceed the capacity of the link if there are many ports with attached hosts subscribed to different multicast groups.

To avoid multicast flooding, you can use the command ""ip igmp snooping tcn flood interface"" in privileged EXEC mode. This command controls the time that multicast traffic is flooded after a TCN event by configuring the number of general queries for which multicast data traffic is flooded. By doing so, you can limit the duration of multicast traffic flooding and reduce the risk of packet loss and link capacity issues.","[""Beginning in privileged EXEC mode, follow these steps to disable multicast flooding on an interface:\nTo re-enable multicast flooding on an interface, use the ip igmp snooping tcn  flood interface \nconfiguration command.\nCommand Purpose\nStep 1 configure terminal Enter global configuration mode.\nStep 2 ip igmp snooping tcn  query solicit Send an IGMP leave message (global leave) to speed the process of \nrecovering from the flood mode caused during a TCN event. By"", ""Y ou can control the time that multicast traffic is flooded after a TCN event by using the ip igmp \nsnooping tcn flood query count  global configuration command. This command configures the number \nof general queries for which multicast data traffic is flooded after a TCN event. Some examples of TCN \nevents are when the client changed its location and the receiver is on same port that was blocked but is \nnow forwarding, and when a port went down without sending a leave message."", ""Disabling Multicast Flooding During a TCN Event\nWhen the switch receives a TCN, multicast traffic is flooded to all the ports until 2 general queries are \nreceived. If the switch has many ports with attached hosts that are subscribed to different multicast \ngroups, this flooding might exceed the capacity of the link and cause packet loss. You can use the ip \nigmp snooping tcn flood interface configuration  command to control this behavior.""]"
What is VLAN hopping and how can it be mitigated?,"VLAN hopping allows attackers to access traffic from other VLANs using double tagging or switch spoofing.

Mitigation:
- Set ports as access:
 switchport mode access
 switchport nonegotiate
- Use an unused VLAN for trunk native VLAN:
 switchport trunk native vlan 999
- Apply VLAN ACLs for stricter control."," VLAN hopping is a technique used to bypass VLAN restrictions in a network by creating a loop of frames within a new VLAN. This can be achieved by tagging Ethernet frames with the appropriate VLAN information, allowing them to pass through switches that otherwise would block them based on their assigned VLAN.

To mitigate VLAN hopping, it is necessary to upgrade firmware or software and choose an unused VLAN as the default VLAN for all devices. This ensures that any new VLANs created will not interfere with the existing network configuration, eliminating potential loops in the network.","[""most common standard associated with VLANs is IEEE 802.1Q, which modifi  es Ethernet \nframes by \u201ctagging\u201d them with the appropriate VLAN information, based on which VLAN \nthe Ethernet frame should be directed to. VLANs are used to restrict access to network \nresources, but this can be bypassed using VLAN hopping. VLAN hopping can be avoided \nby upgrading fi  rmware or software, picking an unused VLAN as the default VLAN for all"", ""work, boost performance, and increase security. Usually, switches control the VLAN. Like \nsubnetting, a VLAN compartmentalizes the network and can isolate traffic. But unlike \nsubnetting, a VLAN can be set up in a physical manner; an example of this is the port-\nbased VLAN, as is shown in Figure 1.17. In this example, each set of computers, such as \nClassroom 2, has its own VLAN (which is dedicated to the 192.168.2.0 network in this"", ""is to allow all VLANs), the new VLAN is carried on all trunk ports. Depending on the topology of \nthe network, this could create a loop in the new VLAN that would not be broken, particularly if there""]"
How do I check interface statistics and what should I look for?,"Interface statistics help diagnose physical and traffic issues.

Use:
show interfaces <interface>
show interfaces counters errors

Look for:
- Input/output errors
- CRC errors
- Collisions
- Drops or overruns

Trends over time reveal congestion or hardware faults. CRC errors often indicate cabling problems."," To check interface statistics, you can use the command ""show interfaces [interface-id] stats"". This will display the input and output packets by the switching path for the specified interface. You should look for any discrepancies in the number of packets or octets transmitted and received, as well as any errors such as collisions, late collisions, or excessive carrier transitions, which may indicate network congestion or misconfiguration issues.","[""126 \n \n \n  stats               Show interface packets & octets, in & out, by switching \n                      path \n  status              Show interface line status \n  summary             Show interface summary \n  switchport          Show interface switchport information \n  transceiver         Show interface transceiver \n  trunk               Show interface trunk information \n  |                   Output modifiers \n  <cr> \n \nCisco#show interfaces status"", ""the interface status.\nshow ip interface [interface-id ] Display the usability status of all interfaces configured for IP routing \nor the specified interface.\nshow interface [interface-id] stats Display the input and output packets by the switching path for the \ninterface. \nshow interfaces  transceiver  properties  (Optional) Display speed and duplex settings on the interface.\nshow interfaces  [interface-id] [{transceiver  \nproperties  | detail}] module number ]"", ""> show advanced statistics\nSwitch port statistics........................... Enabled\nRelated Commands config advanced statistics""]"
How do I assign a static IP to a device using Meraki Dashboard?,"To assign a static IP in Meraki Dashboard, go to Clients > Client List, click on the device, and scroll to the 'Policy' section. Under the 'Addressing & VLANs' tab, reserve an IP address by binding it to the client’s MAC address. This ensures consistent addressing via DHCP without manual configuration on the device itself. Alternatively, under Security & SD-WAN > DHCP, you can configure DHCP reservations for clients on specific VLANs."," To assign a static IP to a device using Meraki Dashboard, follow these steps:

1. Browse to dashboard.meraki.com and login to Dashboard.
2. Navigate to Security & SD-WAN > Monitor > Appliance status and click the uplink tab.
3. Click Uplink configuration under the Local status tab. The default credentials use the device serial number as the username, with a blank password field.
4. Choose Static for the IP Assignment option.
5. Enter the IP address, subnet mask, default gateway IP and DNS server information.","[""Static IP Assignment\nMX appliances and Z-series teleworker gateways can use either dynamic or static network connection information. You may configure a static IP address on a\nCisco Meraki MX or Z-series device from Dashboard or locally.\nStatic IP Assignment via Dashboard\n1. Browse to dashboard.meraki.com and login to Dashboard.\n2. Navigate to Security & SD-WAN > Monitor > Appliance status and click the uplink tab."", ""http://setup.meraki.com. (You do not have to be connected to the Internet to reach this address)\n3. Click Uplink configuration under the Local status tab. The default credentials use the device serial number as\nthe username, with a blank password field.\n4. Choose Static for the IP Assignment option.\n5. Enter the IP address, subnet mask, default gateway IP and DNS server information.\nSetting up a DHCP IP address"", ""http://setup.meraki.com. (You do not have to be connected to the Internet to reach this address)\n3. Click Uplink configuration under the Local status tab. The default credentials use the device serial number as\nthe username, with a blank password field.\n4. Choose Static for the IP Assignment option.\n5. Enter the IP address, subnet mask, default gateway IP and DNS server information.\nSetting up a DHCP IP address""]"
What’s the difference between a static route and a dynamic route in Cisco networking?,"A static route is manually configured and remains unchanged unless edited by an admin. Dynamic routes are learned via routing protocols like EIGRP or OSPF, allowing automatic adaptation to network changes. Static example: 'ip route 10.0.0.0 255.255.255.0 192.168.1.1'. Dynamic example: 'router eigrp 100 \n network 192.168.1.0'. Static routes offer simplicity and predictability; dynamic routing scales better and reacts to topology changes."," In Cisco networking, the main difference between a static route and a dynamic route lies in their method of configuration and adaptability. A static route is manually configured by entering routing entries into the routing table using the ""route add"" command. Static routes are considered connected routes and do not automatically respond to changes in the network topology. On the other hand, dynamic routing uses dynamic routing protocols like RIP or OSPF to configure routing tables automatically, allowing them to adapt to changes in the network. Dynamic routes can be advertised by routing protocols if a ""redistribute static"" command is specified.","[""Skill Summary\nIn this lesson, you learned:\n\u25a0 \u25a0 Static routing is when a router has been manually configured. For example, when a \nrouting entry is manually entered into the routing table with the route add command, \nit is known as static routing.\n\u25a0 \u25a0 Dynamic routing is implemented by dynamically configuring routing tables. This is \ndone with dynamic routing protocols, such as RIP and OSPF."", ""routing protocols. These static routes are advertised because static routes that point to an interface are \nconsidered in the routing table to be connected and hence lose their static nature. However, if you define \na static route to an interface that is not one of the networks defined in a network command, no dynamic \nrouting protocols advertise the route unless a redistribute static command is specified for these \nprotocols."", ""\u007f By dynamically calculating routes by using a routing protocol\nDefault routing refers to sending traffic with a destination unknown to the router to a default outlet \nor destination.\nStatic unicast routing forwards packets from predetermined ports through a single path into and out of a \nnetwork. Static routing is secure and uses little bandwidth, but does not automatically respond to changes""]"
"In Aruba Central, how can I see which clients are connected to a specific AP?","Go to Monitoring > Access Points, select the AP, and open the 'Clients' tab. This displays connected clients with details such as signal strength, VLAN ID, IP address, connection type, and bandwidth usage. Client cards offer drill-down info including historical usage, roaming behavior, and connection quality. You can also launch real-time tools like ping or traceroute directly from the AP to diagnose issues."," In Aruba Central, you can see which clients are connected to a specific AP by using the command: `show ap stats {802.11a | 802.11b} ap_name tsm {client_mac | all}`

Replace 'ap_name' with the name of your access point, and if you want to see information for a specific client, replace 'client_mac' with the MAC address of that client. If you want to see all clients associated with the access point, use 'all' instead of 'client_mac'.","[""point, enter this command:\nshow ap stats  {802.11a  | 802.11b } ap_name  tsm {client_mac  | all}\nThe optional all command shows all clients associated to this access point. Information similar to \nthe following appears:\nAP Interface Mac:                   00:0b:85:01:02:03\nClient Interface Mac:               00:01:02:03:04:05\nMeasurement Duration:               90 seconds\n  Timestamp                           1st Jan 2006, 06:35:80 \n    UpLink Stats\n    ================"", ""The optional all command shows all access points to which this client has associated. Information \nsimilar to the following appears:\nAP Interface Mac:                   00:0b:85:01:02:03\nClient Interface Mac:               00:01:02:03:04:05\nMeasurement Duration:               90 seconds\n  Timestamp                           1st Jan 2006, 06:35:80 \n    UpLink Stats\n    ================\n       Average Delay (5sec intervals)............................35"", ""Determining which AP a Client is Associated With\nWhen troubleshooting client issues on a wireless network, it is often useful to know what access point (AP) a client is connected to. There are multiple ways that\nthis can be done, dependent on what operating system the client is using.\n1. Windows\n2. OS X\n3. Any Client With a Browser\nWindows\nTo do this, the client must be successfully connected to the access point (AP). Press Windows-Key+R to bring up a Run prompt. Then enter \""cmd\"" and press""]"
What’s the difference between a public IP address and a private IP address?,"Private IPs (e.g., 192.168.x.x, 10.x.x.x) are used within LANs and require NAT to access the internet. Public IPs are globally routable and assigned by ISPs. Private IPs are not visible on the internet, which makes them secure for internal use. To access external networks, routers translate private IPs into public IPs using NAT or PAT. Tools like whatismyip.com show your public IP."," The difference between a public IP address and a private IP address lies in their exposure to the Internet. Public IP addresses are exposed to the Internet, allowing any computer on the network to communicate with them. Private IP addresses are hidden from the Internet and are typically behind an IP proxy or firewall device, providing added security.","[""IPv4 addresses are further classified as either public or private. Public IP addresses  are \nones that are exposed to the Internet; any other computers on the Internet can potentially \ncommunicate with them. Private IP addresses  are hidden from the Internet and any other \nnetworks. They are usually behind an IP proxy or firewall device. There are several ranges \nof private IP addresses that have been reserved by the IANA, as shown in Table 4.3. Most"", ""work and goes to the ISP, an address translation from the unique internal IP ad-\ndress to the shared public IP address takes place. This translation makes use of\nthree ranges of IP addresses that have been declared as private. Networks may\nuse them internally as they wish. The only rule is that no packets containing these\naddresses may appear on the Internet itself. The three reserved ranges are:\n10.0.0.0 \u2013 10.255.255.255/8 (16,777,216 hosts)\n172.16.0.0 \u2013 172.31.255.255/12 (1,048,576 hosts)"", ""IP address. It is also known as IP masquerading, and was originally implemented due to the \nproblem of IPv4 address exhaustion. Today, NAT also hides a person\u2019s private internal IP \naddress, making it more secure. Some routers only allow for basic NAT, which carries out \nIP address translation only. But more advanced routers allow for Port Address Translation \n(PAT), a subset of NAT, which translates both IP addresses and port numbers. A NAT""]"
Can a firewall assign VLANs to devices? How is that configured?,"Firewalls don't assign VLANs directly to clients, but they process VLAN-tagged traffic via subinterfaces. On Cisco ASA, use:
'interface GigabitEthernet0/0.10 \n vlan 10 \n nameif INSIDE \n ip address 192.168.10.1 255.255.255.0'. This lets the firewall handle routing, NAT, and ACLs for VLAN 10. VLAN assignment itself is done on the access switch or via RADIUS/DHCP."," A firewall cannot directly assign VLANs to devices. However, it can be integrated with a switch or a network management system that manages VLAN assignments for the connected devices. This integration allows the firewall to control and monitor traffic between different VLANs effectively, ensuring security and segmentation of networks.","[""VLANs to which subscriber devices using this feature are assigned."", ""Understanding VLANs\nA VLAN is a switched network that is logically segmented by function, project team, or application, \nwithout regard to the physical locations of the users. VLANs have the same attributes as physical LANs, \nbut you can group end stations even if they are not physically located on the same LAN segment. Any \nswitch port can belong to a VLAN, and unicast, broadcast, and multicast packets are forwarded and"", ""Understanding VLANs\nA VLAN is a switched network that is logically segmented by function, project team, or application, \nwithout regard to the physical locations of the users. VLANs have the same attributes as physical LANs, \nbut you can group end stations even if they are not physically located on the same LAN segment. Any \nswitch port can belong to a VLAN, and unicast, broadcast, and multicast packets are forwarded and""]"
How do I configure EIGRP on a Cisco router?,"Enable IP routing first, then enter EIGRP config mode:
'router eigrp 100 \n network 10.0.0.0 \n no auto-summary'. This enables EIGRP under AS 100 and advertises the 10.0.0.0/8 network. Use 'show ip eigrp neighbors' to verify peer adjacencies and 'show ip route eigrp' to inspect learned routes. EIGRP supports unequal-cost load balancing and fast convergence."," To configure EIGRP on a Cisco router, follow these steps:

1. Begin in privileged EXEC mode.
2. Enter global configuration mode by typing ""configure terminal"" command.
3. Enable EIGRP on the router by typing ""router eigrp [AS-number]"" command, where AS-number is an integer between 1 and 65535 that uniquely identifies the autonomous system.
4. Configure EIGRP parameters for the routing process (steps in the ""Configuring Basic EIGRP Parameters"" section).
5. Exit from key-chain configuration mode by typing ""exit"" command.
6. Return to global configuration mode.
7. Enable authentication of IP EIGRP packets by using the ""key-chain"" command.","[""must designate transition routers that have both IGRP and EIGRP configured. In these cases, perform \nSteps 1 through 3 in the next section and also see the \u201cConfiguring IGRP\u201d section on page 31-24. You \nmust use the same AS number for routes to be automatically redistributed.\nConfiguring Basic EIGRP Parameters\nBeginning in privileged EXEC mode, follow these steps to configure EIGRP. Configuring the routing \nprocess is required; other steps are optional:"", ""31-40\nCatalyst 3750 Switch Software Configuration Guide\n78-15164-04\nChapter 31      Configuring IP Unicast Routing\nConfiguring EIGRP\nThis section briefly describes how to configure EIGRP. It includes this information:\n\u007f Default EIGRP Configuration, page 31-40\n\u007f Configuring Basic EIGRP Parameters, page 31-41\n\u007f Configuring EIGRP Interfaces, page 31-42\n\u007f Configuring EIGRP Route Authentication, page 31-43\n\u007f Monitoring and Maintaining EIGRP, page 31-44"", ""key-chain\nEnable authentication of IP EIGRP packets.\nStep 5 exit Return to global configuration mode.\nStep 6 key chain name-of-chain Identify a key chain and enter key-chain configuration \nmode. Match the name configured in Step 4.\nStep 7 key number In key-chain configuration mode, identify the key \nnumber.\nStep 8 key-string text In key-chain key configuration mode, identify the key \nstring.""]"
How do I tell if a private IP was dynamically assigned or manually configured?,"Check on the client side:
- Windows: 'ipconfig /all' (look for 'DHCP Enabled')
- Linux: 'nmcli device show' or interface config files

On the DHCP server, inspect bindings using:
'show ip dhcp binding'. Dashboards like Meraki show 'DHCP' vs 'Static' assignment status under client details. If not present in the lease table, it's likely a static/manual IP."," To tell if a private IP was dynamically assigned or manually configured, you can look at the IP address itself and check for any information provided in the network configuration logs or settings. A private IP that is dynamically assigned typically comes from a range of addresses reserved for this purpose, such as 10.0.0.0 to 10.255.255.255, 172.16.0.0 to 172.31.255.255, or 192.168.0.0 to 192.168.255.255. If the IP falls within one of these ranges and was not manually assigned by a network administrator, it is likely dynamically assigned. However, checking logs or settings for any information regarding automatic assignment can provide more certainty in determining how the private IP was assigned.","[""compartment (similar to ipconfig /all).\n5. Work with the dynamically assigned address:\na. On a computer that obtains its IP information automatically, execute the \nipconfig /release command.\nThe ipconfig /release command releases any IP configurations it received from \na DHCP server. Figure 5.7 shows an example of a released IP address."", ""user must determine the new IP address by viewing the log on the DHCP server."", ""user must determine the new IP address by viewing the log on the DHCP server.""]"
How do I configure static routing in Meraki Dashboard?,"In Dashboard, go to Security & SD-WAN > Configure > Static Routing. Click 'Add a static route', and fill in:
- Name
- Subnet
- Next hop IP
- Availability condition (e.g., uplink status)

Static routes are useful for pointing to non-Meraki networks, internal backup links, or for lab environments with isolated subnets."," To configure static routing in Meraki Dashboard, follow these steps:

1. Browse to dashboard.meraki.com and login to Dashboard.
2. Navigate to Security & SD-WAN > Configure > Routing.
3. Click on the ""Static"" tab.
4. Click on the ""Add Static Route"" button.
5. Enter the desired static route information, including the destination network (subnet), subnet mask, next hop IP address, and optionally, an admin distance.
6. Click ""Save"" to apply the changes.","[""Note: Each switch can only have a single layer 3 interface per VLAN.\nConfiguring Static Routes\nIn order to route traffic elsewhere in the network, static routes must be configured for subnets that are not being routed by the switch or would not be using the\ndefault route already configured, such as if another portion of the network was located behind a router or another layer 3 switch is downstream from the Cisco\nMeraki layer 3 switch being configured.\nTo create a new static route:"", ""Static IP Assignment\nMX appliances and Z-series teleworker gateways can use either dynamic or static network connection information. You may configure a static IP address on a\nCisco Meraki MX or Z-series device from Dashboard or locally.\nStatic IP Assignment via Dashboard\n1. Browse to dashboard.meraki.com and login to Dashboard.\n2. Navigate to Security & SD-WAN > Monitor > Appliance status and click the uplink tab."", ""difference in the path to the internet.\n2. Verify that your firewall or any other security devices within your network are not modifying the Meraki device's\ntraffic.\n3. Allow your Meraki devices to bypass your firewall, content filter, proxy server or any other security devices.\n4. Make sure your firewall is performing stateful packet inspection, which allows incoming packets if they are part of\nan established connection.""]"
Why is my switch showing 0.0.0.0 as the gateway for some clients?,"This often means the client didn’t receive a proper DHCP lease. Possible causes:
- VLAN mismatch
- No DHCP relay
- Trunk port misconfig
- Static IP with no default gateway

Check client logs, switchport config, and DHCP status in your controller. Tools like 'show ip dhcp snooping binding' or Meraki’s client details tab help pinpoint the issue."," The switch is showing 0.0.0.0 as the gateway for some clients because it has not been configured with a specific IP address, subnet mask, and default gateway. As a result, it operates with its default settings, where the default gateway is set to 0.0.0.0. To resolve this issue, you need to configure the switch with an appropriate IP address, subnet mask, and default gateway according to your network's requirements.","[""Business Case Scenarios  195\nThe client cannot access the 10.253.253.0 network. On the server, which is also \nacting as the router between the two networks, you execute the  command, \nwhich shows the following results. The reason the client cannot access the \n10.253.253.0 network is because .\nNetwork Destination     Netmask            Gateway            Interface\n0.0.0.0                 0.0.0.0            10.254.254.1       10.254.254.205"", ""program, see the hardware installation guide.\nIf you do not configure the switch at all, the switch operates with these default settings:\n\u007f Default switch IP address, subnet mask, and default gateway is 0.0.0.0. For more information, see \nChapter 3, \u201cAssigning the Switch IP Address and Default Gateway,\u201d  and Chapter 19, \u201cConfiguring \nDHCP Features.\u201d\n\u007f Default domain name is not configured. For more information, see Chapter 3, \u201cAssigning the Switch \nIP Address and Default Gateway.\u201d"", ""Operational Default \nGateway\nThe IP address of the default gateway for the switch. If the destination IP address in a packet \ndoes not match any routes in the routing table, the packet is sent to the default gateway. The \ngateway displayed in this field is the next hop on switch with the lowest metric.\nStatic Route \nPreference\nThe default distance (preference) for static routes. Lower route-distance values are preferred""]"
What is the difference between routing in Meraki and traditional Cisco CLI routing?,"Meraki uses a simplified, cloud-based UI to configure routing, while Cisco CLI offers manual control via IOS commands. In Meraki, you define VLANs and static routes through Dashboard menus. With Cisco CLI, you'd use 'ip route', 'router ospf', or 'interface vlan' commands. Meraki prioritizes ease of use and auto-configuration; traditional Cisco offers granular routing protocol control."," The main difference between routing in Meraki and traditional Cisco CLI routing lies in their user interfaces. Meraki switches have a web-based interface, making it easier to manage and configure than the command line interface of traditional Cisco devices. Additionally, Layer 3 routing capabilities are built into most Meraki switches, eliminating the need for an additional layer 3 device, whereas in traditional Cisco CLI routing, separate routers are required for layer 3 functionality.","[""they don't have L3 routing feature - i.e.: they don't move data forward to destination based on L3 attributes like destination IP address.\nMany Cisco Meraki switches have Layer 3 routing capability within the switch itself. E.g.: switch receives a packet, determines that the packet belongs to another\nVLAN, and sends the packet to the appropriate port within the destination VLAN. This is called L3 routing and a switch capable of doing this is known as a Layer"", ""router operating as gateway.\nLayer 3 routing capabilities are available on most Cisco Meraki switches. This allows the switches to route traffic between VLANs in a network without the need\nfor an additional layer 3 device. This feature also allows you to control traffic between VLANs using Access Control Lists (ACLs) while reducing workload on your\nRouter or Firewall. In addition, the Cisco Meraki L3 switch can also offer simple DHCP services through its SVIs."", ""If you are looking for information regarding what firewall rules to put in place for communication between Meraki devices and the Meraki cloud, please reference\nthe article for Firewall Rules for Cloud Connectivity.\nLearn more with these free online training courses on the Meraki Learning Hub:\n\u2022 Implementing Firewall Rules on a Security Appliance\nSign in with your Cisco SSO or create a free account to start training.\nComparing Next Generation Firewalls to Traditional Firewalls""]"
How do I configure a DHCP relay on a Layer 3 switch?,"To configure DHCP relay, go to the VLAN interface configuration on the switch and use the `ip helper-address` command to forward DHCP broadcasts to a remote server.

Example:
interface Vlan10
 ip helper-address 192.168.100.10

This setup is necessary when the DHCP server is on a different subnet than the client. The switch listens for DHCP requests and forwards them as unicast to the specified address. You can configure multiple helper addresses if redundancy is needed."," To configure a DHCP relay on a Layer 3 switch, follow these steps:

1. Enable routing on the desired interface or VLAN using the Port IP/VLAN IP Tile.
2. Configure the DHCP server IP address on the SVI of the DHCP client.
3. Ensure that DHCP relay agent is enabled with a value of 2.
4. Verify that DHCP packet forwarding address is none configured, and DHCP snooping is disabled globally.
5. Enable DHCP snooping information option and set it to accept packets on the DHCP server IP address.
6. Apply the changes by clicking ""APPLY.""","[""4. Click APPLY.\nNOTE:\nDHCP relay is operational on an VLAN or interface only if it is  enabled for routing. To enable routing on \nan interface or VLAN, see Port IP/VLAN IP Tile.\nField Description\nInterface The routing interface  that has the DHCP relay feature configured."", ""4. Click APPLY.\nNOTE:\nDHCP relay is operational on an VLAN or interface only if it is  enabled for routing. To enable routing on \nan interface or VLAN, see Port IP/VLAN IP Tile.\nField Description\nInterface The routing interface  that has the DHCP relay feature configured."", ""DHCP relay agent Enabled 2\n2. The switch relays DHCP packets only if the IP address of th e DHCP server is configured on the SVI of the DHCP client.\nDHCP packet forwarding address None configured\nChecking the relay agent information Enabled (invalid messages are dropped) 2\nDHCP relay agent forwarding policy Replace the existing relay agent information 2\nDHCP snooping enabled globally Disabled\nDHCP snooping information option Enabled\nDHCP snooping option to accept packets on""]"
What happens if there's a VLAN mismatch between a switch and firewall?,"If the VLAN IDs on the switch port and the firewall subinterface don't match, traffic will be dropped even though the link may appear up. This often results in:
- Clients not getting IPs
- ARP timeouts
- One-way or broken communication

Ensure both the switch port and firewall subinterface are configured with the same VLAN ID and trunking settings. On a trunk port, verify allowed VLANs and native VLAN consistency."," If there's a VLAN mismatch between a switch and a firewall, it can cause communication issues between devices on different VLANs that should be able to communicate with each other. This is because the switch and firewall will have different VLAN configurations, preventing proper traffic routing and segmentation between devices in the network. To resolve this issue, one must ensure that both the switch and the firewall have matching VLAN configurations.","[""What is a VLAN Mismatch?\nA VLAN mismatch occurs when two connected switch ports have different VLAN configurations. For example, switch 1 port 1 is configured for native VLAN: 1,\nallowed VLANs: all. This port connects to switch 2 port 48 which is configured for native VLAN: 1, allowed VLANs: 1 and 2 only. In this scenario, a host in VLAN\n3 on switch 1 would not be able to communicate with a host on switch 2 in the same VLAN.\nHow a VLAN Mismatch is Detected"", ""until the VLAN mismatch is resolved.\nCurrently, VLAN mismatch detection is supported on Meraki switches in the same organization. VLAN mismatch detection for other Meraki devices (MRs, MXs,\netc.) and non-Meraki devices is not supported.\nCorrecting a VLAN Mismatch\nOnce a VLAN mismatch is detected, the switch status will change to \u2018Alerting\u2019 and yellow in the dashboard. An overview of switchstatuses in a network can be"", ""How a VLAN Mismatch is Detected\nThis feature utilizes CDP and LLDP packets from the past 3 hours to determine which switch ports are connected. If any two connected switch ports belong to\nMeraki switches in the same dashboard organization, the switch port VLAN configurations are compared.\nIf any mismatch is found in native, allowed, or access VLANs, both switches will display an alert in the dashboard. The switches will continue displaying the alert\nuntil the VLAN mismatch is resolved.""]"
How can I view and interpret the routing table on a Cisco router?,"Use `show ip route` to view the routing table. Each route is labeled with a code:
- C (Connected)
- S (Static)
- D (EIGRP)
- O (OSPF)

Example:
S 10.0.0.0/24 [1/0] via 192.168.1.1, Gig0/1

This indicates a static route to 10.0.0.0/24 via next hop 192.168.1.1. You can use `show ip route <IP>` to trace the path to a specific host."," To view and interpret the routing table on a Cisco router, follow these steps:

1. Access the Cisco router's command-line interface (CLI) by using Telnet or Secure Shell (SSH).
2. Enter the privileged EXEC mode with the command ""enable"".
3. Enter global configuration mode with the command ""configure terminal"".
4. Check if you need to enable IP routing with the command ""ip routing"".
5. Use the ""show ip route"" command to display the entire routing table.
6. To interpret the routing table, analyze the destination network, subnet mask, next-hop address (directly connected or through a router), and administrative distance for each entry.
7. The most preferred route will be marked with an asterisk (*) in the output.

Remember that the Route Table tab in the web interface provides an alternative way to view the routing table.","[""Chapter 9 Routing  134\nRoute Table \nThe route table manager collects routes from multiple sources: static routes and local routes. The route \ntable manager may learn multiple routes to the same destination from multiple sources. The route table \ndisplays only the most preferred route to each destination.\nTo display the Route Table page, click Routing > Routing Configuration in the navigation pane, scroll \ndown to the Static Routing/Route Table tile and click the Route Table tab."", ""Chapter 9 Routing  134\nRoute Table \nThe route table manager collects routes from multiple sources: static routes and local routes. The route \ntable manager may learn multiple routes to the same destination from multiple sources. The route table \ndisplays only the most preferred route to each destination.\nTo display the Route Table page, click Routing > Routing Configuration in the navigation pane, scroll \ndown to the Static Routing/Route Table tile and click the Route Table tab."", ""Figure 111. Route Table Tab\nTable 90. Route Table Fields\nClick Refresh  to update the information on the screen.\nIP Routing Statistics/ICMP Statistics \nTo display the IP Routing/ICMP Statistics tile, click Routing > Routing Configuration in the navigation \npane, and scroll down to the IP Routing Statistics/ICMP Statistics tile.\nTo view the IP Routing Statistics, click the IP Routing Statistics tab.\nTo view the ICMP Statistics, click the ICMP Statistics tab.\nField Description""]"
Why do some devices show 169.254.x.x addresses and can't reach the internet?,"169.254.x.x is an APIPA (Automatic Private IP Address) assigned when a device fails to get a DHCP lease. These addresses are not routable and used for local link communication.

Common causes include:
- No DHCP server
- VLAN misconfiguration
- DHCP relay not set
- Client NIC issues

Check the switch port VLAN, DHCP scope, and ensure the client is in the right broadcast domain."," Some devices show 169.254.x.x addresses because they have self-assigned an IP address using Automatic Private IP Addressing (APIPA) when a DHCP server is not available or has failed to assign an IP address. This prevents them from reaching the Internet, as these IP addresses are part of a reserved range for private networks and are not routed on the public internet.","[""Working with IPV4 119\nWAN address, and on this particular testing device, it obtains that address (and the subse-\nquent WAN information) from an ISP\u2019s DHCP server. Notice also the LAN IP address of \n10.254.254.1. That is the private IP address on the local side of the router. So, this device is \ntranslating for all computers on the 10.254.254.0 network and allowing them to communi-\ncate with the Internet, but is only displaying one IP address to the Internet: 216.164.145.27."", ""Windows and the configuration, this still might not be enough. If you see an IP address \nof 169.254.x.x, you know that the client has self-assigned an IP address with the help \nof APIPA.\n\u25a0 \u25a0 With early networks, users utilized dumb terminals (systems consisting of a monitor \nand keyboard without a processor) to connect to a mainframe. Later, computers \ncould use Telnet to connect to a server and execute commands at a command prompt."", ""address on the 169.254.0.0 network, then APIPA has intervened and self-assigned \nan IP address. See the next exercise about how to disable APIPA.\nf. Test your new IP address by pinging the IP address of the DHCP server and \nanother client on the network. Disable any firewalls that might block pings.\n5. When you are finished, return the client computers to normal. If necessary, access the \nserver and stop the DHCP service.""]"
How does Meraki route traffic between different VLANs?,"Meraki routes inter-VLAN traffic through Layer 3 interfaces configured in the Dashboard. Each VLAN is assigned an IP address, which acts as the gateway for clients in that VLAN.

Go to Security & SD-WAN > Addressing & VLANs to configure VLANs. Traffic between VLANs is routed automatically, and you can use firewall rules to allow or block specific flows. This simplifies routing compared to traditional CLI-based configuration."," Meraki routes traffic between different VLANs using its built-in Layer 3 routing capability within the switch itself, known as L3 routing. This allows the switch to determine the destination IP address of a packet and send it to the appropriate port within the destination VLAN without requiring an additional layer 3 device.","[""they don't have L3 routing feature - i.e.: they don't move data forward to destination based on L3 attributes like destination IP address.\nMany Cisco Meraki switches have Layer 3 routing capability within the switch itself. E.g.: switch receives a packet, determines that the packet belongs to another\nVLAN, and sends the packet to the appropriate port within the destination VLAN. This is called L3 routing and a switch capable of doing this is known as a Layer"", ""router operating as gateway.\nLayer 3 routing capabilities are available on most Cisco Meraki switches. This allows the switches to route traffic between VLANs in a network without the need\nfor an additional layer 3 device. This feature also allows you to control traffic between VLANs using Access Control Lists (ACLs) while reducing workload on your\nRouter or Firewall. In addition, the Cisco Meraki L3 switch can also offer simple DHCP services through its SVIs."", ""difference in the path to the internet.\n2. Verify that your firewall or any other security devices within your network are not modifying the Meraki device's\ntraffic.\n3. Allow your Meraki devices to bypass your firewall, content filter, proxy server or any other security devices.\n4. Make sure your firewall is performing stateful packet inspection, which allows incoming packets if they are part of\nan established connection.""]"
How do I know if a firewall is dropping traffic between VLANs?,"Look into the firewall logs for denied traffic between VLANs. In Meraki, go to Network-wide > Event Log and filter for denied traffic.

In Cisco ASA:
- `show access-list`
- `show log`

Also check:
- ACLs or rules between VLAN interfaces
- Inter-VLAN routing or NAT policies
- VLAN interface status. Firewalls often block inter-VLAN traffic by default unless explicitly allowed."," To determine if a firewall is dropping traffic between VLANs, you would need to analyze and review the firewall logs. These logs can be accessed through the firewall's management interface or by using monitoring tools. By checking the logs for dropped packets or denied connections, you can identify if the firewall is responsible for blocking the traffic between the VLANs.","[""monitored.\n\u007f If ports are added to or removed from the source VLANs, the traffic on the source VLAN received \nby those ports is added to or removed from the sources being monitored.\n\u007f You cannot use filter VLANs in the same session with VLAN sources.\n\u007f You can monitor only Ethernet VLANs.\nVLAN Filtering\nWhen you monitor a trunk port as a source port, by default, all VLANs active on the trunk are monitored."", ""Troubleshooting\nA VLAN is configured to allow jumbo frames, but one or more ports drops all inbound\njumbo frames\nThe port may not be operating at a minimum of 1 Gbps on the other switches covered in this guide. Regardless of\na port's configuration, if it is actually operating at a speed lower than 1 Gbps for the other switches, it drops\ninbound jumbo frames. For example, if a port is configured for Auto mode (speed-duplex auto), but has"", ""Event Logs:\nTo look and see the applicable logs associated from the network device's perspective navigate to Network-wide > Monitor > Event log. For switching and\nwireless there is a filter for \""All 802.1X\"" and \""All client events\"" which will filter the logs to the necessary events. Example:\nAs seen there are logs showing 802.1X and RADIUS dynamic VLAN assignment. In this case, the switchport has multiple clients behind it, so we see a log""]"
"What is the difference between NAT and PAT, and when is each used?","NAT translates one private IP to one public IP — typically used when mapping a server to the internet.
PAT (Port Address Translation) allows multiple devices to share a single public IP using unique source ports (also called NAT overload).

Use NAT when you want a one-to-one mapping; use PAT for typical outbound internet access. Example PAT command on Cisco:
`ip nat inside source list 1 interface GigabitEthernet0/1 overload`"," The main difference between Network Address Translation (NAT) and Port Address Translation (PAT) lies in the information they translate during the process of routing packets through a network. NAT translates only IP addresses, while PAT translates both IP addresses and port numbers.

NAT is used when a single public IP address needs to be shared among multiple devices within a private network, allowing them to access the internet. PAT, on the other hand, is a subset of NAT that allows for more efficient use of limited IP addresses by translating both the IP address and port number. This way, multiple devices can share the same public IP address but still be distinguished based on their unique port numbers.

In summary, NAT is used when only IP addresses need to be translated, while PAT is used when both IP addresses and port numbers need to be translated for more efficient use of limited IP addresses within a network.","[""IP address. It is also known as IP masquerading, and was originally implemented due to the \nproblem of IPv4 address exhaustion. Today, NAT also hides a person\u2019s private internal IP \naddress, making it more secure. Some routers only allow for basic NAT, which carries out \nIP address translation only. But more advanced routers allow for Port Address Translation \n(PAT), a subset of NAT, which translates both IP addresses and port numbers. A NAT"", ""212 Lesson 6 \u25a0 Working with Networking Services\n Network Address Translation (NAT) \n Network Address Translation (NAT) is a technique used to modify the network address \ninformation of a host while traffi  c is traversing a router or fi  rewall. This technique is used \nto hide the network information of a private network, while allowing traffi  c to be trans-\nferred across a public network like the Internet."", ""Translation), which is described in RFC 3022 and which we will summarize\nbelow. For additional information, see Dutcher (2001).\nThe basic idea behind NAT is for theISP to assign each home or business a\nsingle IP address (or at most, a small number of them) for Internet traffic.Within\nthe customer network, every computer gets a unique IP address, which is used for\nrouting intramural traffic. However, just before a packet exits the customer net-""]"
"Why is only one VLAN getting internet, while others don’t?","This typically occurs when:
- Only one VLAN is NATed properly on the firewall
- The others lack default gateways or firewall rules
- Trunk port doesn’t carry all VLANs

Verify:
- NAT/firewall rules for each VLAN
- DHCP and routing setup
- Trunk port allowed VLAN list
- That VLAN interfaces have correct IPs and are active."," A VLAN mismatch is likely the reason why only one VLAN is getting internet access while others don't. In a VLAN mismatch scenario, two connected switch ports have different VLAN configurations, causing devices in some VLANs to be unable to communicate with each other. To resolve this issue, ensure that the VLAN configurations on both switches are consistent and allow for proper communication between VLANs.","[""VLAN Overview\nA virtual LAN (VLAN) is used to partition  a computer network at Layer 2 into a broadcast domain, which is uniquely iden tified  by a VLAN ID. VLAN\nhelps to split a network that acts as a separate network, but are connected to a physical network. Using VLAN tagging, the network administrators\ncan virtually group networks together even if they are not physically connected to the same network switch."", ""What is a VLAN Mismatch?\nA VLAN mismatch occurs when two connected switch ports have different VLAN configurations. For example, switch 1 port 1 is configured for native VLAN: 1,\nallowed VLANs: all. This port connects to switch 2 port 48 which is configured for native VLAN: 1, allowed VLANs: 1 and 2 only. In this scenario, a host in VLAN\n3 on switch 1 would not be able to communicate with a host on switch 2 in the same VLAN.\nHow a VLAN Mismatch is Detected"", ""Understanding VLANs\nA VLAN is a switched network that is logically segmented by function, project team, or application, \nwithout regard to the physical locations of the users. VLANs have the same attributes as physical LANs, \nbut you can group end stations even if they are not physically located on the same LAN segment. Any \nswitch port can belong to a VLAN, and unicast, broadcast, and multicast packets are forwarded and""]"
A user reports poor wireless performance — where do I start troubleshooting in Meraki?,"Go to Wireless > Access Points in Meraki Dashboard. Click on the specific AP and review:
- Number of clients
- Signal strength (RSSI)
- Channel utilization
- Retry rate

Also use the 'Tools' tab to run pings and throughput tests. Check RF profile settings and ensure the AP isn’t overloaded or experiencing interference from neighboring APs."," To troubleshoot poor wireless performance in Meraki, you should start by navigating to Wireless > Monitor > Access Points and click on the offline AP that needs to be investigated. Then, go to the Ethernet section and check if you can see an online (green status) neighbor, and if there is a hyperlink to it. If no hyperlink is present, it indicates that the device is not recognized as a Meraki device.","[""To isolate and potentially remedy these issues and alerts, try the following:\n1. Move your Meraki device to a different network segment where other devices are working and then analyze the\ndifference in the path to the internet.\n2. Verify that your firewall or any other security devices within your network are not modifying the Meraki device's\n12"", ""\u2022 After a factory reset, the switch will re-download its firmware that can take a while on slow internet links. (Expect\n1GB of firmware per switch/stack)\n\u2022 Try switching cables, or testing your cable on another device\nReference https://documentation.meraki.com/MS for additional information and troubleshooting tips.\nIf you are still experiencing hardware issues, please contact Cisco Meraki support by logging in to dashboard and using theHelp option near the top of the page,"", ""MR MX / MG / Z* MS MV\nMR\nPlease navigate to Wireless > Monitor > Access Points > Click on the offline AP that'll be used to troubleshoot. Then go to the Ethernet section and\ncheck if you can see an online (green status) neighbor, and you have a hyperlink to it. If no hyperlink, it means the device is not a recognized Meraki device.\nMX / MG / Z\nAssume no Meraki neighbor detected.\nMS""]"
What does 'routing convergence' mean in networking?,"Routing convergence is the process of all routers in a network updating their routing tables to reflect changes (e.g., link failure). During convergence, routes may be temporarily invalid, leading to packet loss or routing loops.

Fast convergence is crucial in dynamic protocols like EIGRP and OSPF. Tools like 'show ip ospf' and timers can help tune convergence speed."," In networking, 'routing convergence' refers to the process by which routers and other network devices update their routing tables with the most efficient routes for data packets to reach their destinations. This involves exchanging information about network topology, link status, and available paths among network devices. Convergence ensures that all routers in the network have consistent and accurate routing information, allowing them to efficiently forward traffic.","[""multiple paths from a sourceto a destination. In our example this means that the\ntraffic can be spread across both of the Eastto West links. The second one is for\nthe routing scheme to shift traffic across routes slowly enough that it is able to\nconverge, as in thescheme of Gallagher (1977).\nGiven these difficulties, in the Internet routing protocols do not generally ad-\njust their routes depending on the load. Instead, adjustments are made outside the"", ""munications convergence, in which one network is used for previously different\nuses. For example, in a \u2018\u2018triple play\u2019\u2019one company sells youtelephony, TV, and\nInternet service over the samenetwork connection onthe assumption that this will\nsave you money. Consequently, the description given here will be of necessity\nsomewhat simpler than reality. And what is true today may not be true tomorrow."", ""the network needed to be rebootedevery time some router crashed!\nStability is also animportant goal for the routing algorithm. There exist rout-\ning algorithms that neverconverge to a fixedset of paths, no matter how long they\nrun. A stable algorithm reaches equilibrium and stays there. It should converge\nquickly too, since communication may be disrupted until the routing algorithm\nhas reached equilibrium.\nFairness and efficiency may sound obvious\u2014surely no reasonable person""]"
How can I block specific IP ranges using a firewall?,"Most firewalls (e.g., Cisco ASA, Meraki, Palo Alto) allow blocking IP ranges via Layer 3 access rules. Define a rule with the source or destination subnet (e.g., 192.168.100.0/24), action set to deny, and apply it to the desired interface or zone.

Example on Cisco ASA:
access-list BLOCK extended deny ip 192.168.100.0 255.255.255.0 any
access-group BLOCK in interface inside

In Meraki, navigate to Security & SD-WAN > Firewall and add a Layer 3 outbound rule denying the subnet."," To block specific IP ranges using a firewall, create a new Layer 7 Firewall rule and select ""Remote IP Range"" as the criteria. Define the starting and ending IP addresses of the range you want to block, then choose either ""deny"" or ""permit"" based on your desired action for traffic matching that IP range. Apply this rule to filter traffic accordingly.","[""It is also possible to block traffic based on HTTP hostname, destination port, remote IP range, and destination IP/port combinations.\nGeo-IP Based Firewalling\nThe Layer 7 Firewall can be used to block traffic based on the destination country of outbound traffic and the source of return traffic.\nTo do so, create a new Layer 7 Firewall rule and select Countries... from the Application drop-down. You have the option of blocking all traffic to or from a"", ""through the filter. A deny  will filter routes. \nStep 3 access-list access-list-number {deny  | \npermit} protocol source source-wildcard \ndestination destination-wildcard\n(Optional) Create an IP extended access list, repeating the command as \nmany times as necessary.\n\u007f For access-list-number, enter the number specified in Step 2.\n\u007f The deny  keyword denies access if the conditions are matched. The \npermit keyword permits access if the conditions are matched."", ""Layer 7 Firewall Rules\nUsing Meraki's unique layer 7 traffic analysis technology, it is possible to create firewall rules to block specific web-based services, websites, or types of\nwebsites without having to specify IP addresses or port ranges. This can be particularly useful when applications or websites use more than one IP address, or\nwhen their IP addresses or port ranges are subject to change.""]"
How do I set up a Meraki site-to-site VPN with another Meraki network?,"In Meraki Dashboard:
1. Go to Security & SD-WAN > Site-to-site VPN
2. Set mode to 'Hub' or 'Spoke' depending on topology
3. Define subnets to advertise and allow remote peer networks
4. Ensure both networks are in the same organization and have AutoVPN enabled
5. Use 'Organization > VPN Status' to monitor tunnels.

No manual key exchange is needed in AutoVPN; Meraki handles that automatically."," To set up a Meraki site-to-site VPN with another Meraki network, follow these steps:

1. Navigate to the Security & SD-WAN > Configure > Site-to-site VPN page on the Meraki Network.
2. Select Add New Tunnel or Edit an existing tunnel.
3. Enter the details of the remote network's security appliance, such as its IP address, name, and organization.
4. Choose the appropriate encryption protocol (IPsec or DMVPN).
5. Configure any additional settings, such as firewall rules, if necessary.
6. Save the configuration.
7. Monitor the Network Tunnel Group for a change from Disconnected Status to Connected Status. This may take a few minutes.
8. Run ping tests and check the status of the VPN tunnel using the provided tools and resources.","[""Meraki Secure SD-WAN Configuration\nGather Details from Cisco Secure Access Portal\nInformation can be taken from the CSV downloaded from step 5 above or from the Data for Tunnel Setup page seen below:\nOn the Meraki Network, Navigate to Site-to-site VPN settings through the Security & SD-WAN > Configure > Site-to-site VPN page.\nIn an AutoVPN and IPsec VPN environment, when configuration changes are applied on a Hub to a subnet that participates in the VPN, VPN"", ""Save configuration.\nVerification and Troubleshooting\nThe Network Tunnel Group will move from Disconnected Status to Connected. This change could take a few minutes.\n\u2022 Run ping tests from a tunnel enabled VLAN to the internet. For more information, see Using the Ping Live Tool.\n\u2022 Check the status of the VPN tunnel. For more information, see VPN Status Page.\n\u2022 Follow the VPN troubleshooting procedures. For more information, see Troubleshooting Non-Meraki Site-to-site VPN.\nNon-Meraki VPN Firewall"", ""Non-Meraki VPN Firewall\nYou can add firewall rules to control what traffic is allowed to pass through the VPN tunnel. These rules will apply to outbound VPN traffic to/from all MX-Z\nappliances in the Organization that participate in site-to-site VPN. These rules are configured in the same manner as the Layer 3 firewall rules described on the""]"
Why is a device showing an IP conflict warning?,"An IP conflict occurs when two devices share the same IP. This may be caused by:
- Static IPs overlapping with DHCP pools
- MAC spoofing or cloning
- Multiple DHCP servers

Check DHCP lease table, and use 'arp -a' or 'show ip dhcp conflict' on switches/routers. In Meraki, IP conflicts are flagged under client details. Fix by assigning unique IPs or removing overlapping scopes."," A device is showing an IP conflict warning because it has been assigned the same IP address as another device on the network. This can be caused by a rogue DHCP server or a static IP address being assigned to a device within an active DHCP scope, both of which lead to duplicate IP addresses and cause connectivity issues for the devices involved.","[""Client IP Conflicts\nThe Client IP conflict logs do not mean necessarily that the WAN appliance (or another DHCP server) assigned the same IP address to multiple devices. The\nWAN appliance is reporting that two different MAC addresses have been seen sending traffic with the same IP address. Most IP conflicts are related to two\nissues:\n\u2022 A rogue DHCP server on the network\n\u2022 A static IP address is assigned to a device even though the IP address is a part of an active DHCP scope"", ""Troubleshooting DHCP Conflicts\nA DHCP conflict is recorded when the WAN Appliance detects two or more devices using the same IP address. This will likely cause connectivity issues for the\ndevices sharing this IP address. The WAN appliance reports IP address conflicts in the Event Log, and an email alert can be configured to alert network\nadministrators to the conflict.\nEvent Log"", ""IP Conflict Email Notification\nEmail alerts can be setup to alert administrators of IP conflicts from Network-wide > Configure > Alerts > WAN appliance:\n3""]"
How does AP roaming work between multiple Meraki access points?,"Roaming is client-driven. Devices choose when to roam based on signal strength, SNR, and mobility threshold. Meraki enhances this by supporting:
- 802.11r (fast roaming)
- Client balancing
- Band steering

Roaming can be observed under Wireless > Access Points > Client Timeline. Ensure overlapping coverage and same SSID across APs."," AP roaming works between multiple Meraki access points by using the Meraki Cloud and its advanced algorithms. When a client device connects to one access point, the access point communicates with the Meraki Cloud to determine if there are other nearby access points with better signal strength or less congestion. If a better access point is available, the client device will be seamlessly transitioned to the new access point without losing its connection, ensuring uninterrupted service and minimal latency.","[""The Default Access Point Tag is used when there is no RADIUS attribute sent, or we do not have a mapping for the sent attribute. This can be controlled per AP\ntag if you are using tags to differentiate where Access Points are located.\nNote: The assignment of multiple VLAN values to a single Named attribute (VLAN Groups). VLAN ID would be assigned round-robin from the defined pool of\nVLANs.\nMeraki Dashboard Troubleshooting for VLAN Profiles\n23"", ""Troubleshooting local connection issues using default SSID on MR\nAccess Points\nBoth ap.meraki.com and my.meraki.com are locally-hosted sites useful for configuring an access point (AP) when it cannot reach the Meraki Cloud. This is often\nseen on a static, non-DHCP network or when there are strict firewall rules. After a Cisco Meraki AP has lost its connection to the Internet but is still receiving"", ""Cause: Similar to 'bad-gateway', an AP is unable to connect to its default gateway.\nSolution: Check the AP's IP address configuration and reachability to its default gateway.\nmeraki\nCause: The default out-of-the-box SSID will be used to broadcast the APs.\nSolution: Connect the AP to network with internet access.\nMeraki Setup\nCause: An AP has never connected to a Meraki network.\nSolution: Add the AP to a Meraki network.""]"
What’s the CLI command to see VLANs on a Cisco switch?,"To see VLANs:
- 'show vlan brief' shows active VLANs and assigned ports
- 'show interfaces trunk' shows VLANs allowed on trunk ports
- 'show ip interface brief' shows interface status

Use these commands to ensure VLANs are correctly configured and propagated across your network."," The CLI command to see VLANs on a Cisco switch is ""show vlan"" or ""show vlan brief"".","[""Lists commands you can use in the VLAN context, plus Manager, Operator, and context commands you\ncan execute at this level.\nFigure 37: Context-specific commands affecting VLAN context\nChapter 6 Using the Command Line Interface (CLI) 75"", ""CHAPTER\n1-1\nCisco Wireless LAN Controller Command Reference \nOL-26557-01\n1\nUsing the Command-Line Interface\nThe command-line interface (CLI) is a line-orien ted user interface that provides commands for \nconfiguring, managing, and monitoring the Cisco Wire less LAN Controller. This chapter contains the \nfollowing topics:\n\u0081 CLI Command Keyboard Shortcuts, page 1-1\n\u0081 Using the Interactive Help Feature, page 1-2\nCLI Command Keyboard Shortcuts"", ""5. IP Configuration\n          \n2. If multiple VLANs are configured, a screen showing all VLANs appears. The Menu interface displays the IP\naddress for any VLAN. If you use the CLI to configure the IP address on a VLAN, use the CLI show ip\ncommand to list them.\n3. Press [E] (for Edit).\n4. If the switch needs to access a router, for example, to reach off-subnet destinations, select the Default\nGateway field and enter the IP address of the gateway router.""]"
Why is my VLAN interface (SVI) showing “down” even though ports are active?,"An SVI (Switched Virtual Interface) will remain down if no port in that VLAN is operational. To bring it up:
- Ensure at least one access port in the VLAN is 'up/up'
- Verify VLAN exists and is not administratively shut down
- Use 'show vlan' and 'show interfaces status' to troubleshoot. For trunk ports, make sure the VLAN is allowed."," Your VLAN interface (SVI) is showing ""down"" because the SVI for VLAN 99 has not been created yet. It will appear as ""up/up"" only after creating the VLAN and having a device connected to a switch port associated with VLAN 99.","[""ve34 is down, line protocol is down\nWhen an activ e  port is added to the related VLAN, the VE interface status is shown as UP .\ndevice(config-vlan-34)#show int ve 34\nve34 is up, line protocol is up \nAssigning a Differen t  VLAN ID to Default and Reserved VLANs\nYou can assign a differ en t  VLAN ID to default VLAN and to reserved VLANs. When you enable port-based VLANs, all ports in the system are added to\nthe default VLAN. By default, the default VLAN ID is \""VLAN 1\""."", ""delete an SVI, use the no interface vlan global configuration command.\nNote When you create an SVI, it does not become active until it is associated with a physical port. \nFor information about assigning Layer 2 ports to VLANs, see Chapter 13, \u201cConfiguring \nVLANs.\u201d\n\u007f Routed ports: Routed ports are physical ports configured to be in Layer 3 mode by using the no \nswitchport interface configuration command. \n\u007f Layer 3 EtherChannel ports: EtherChannel interfaces made up of routed ports."", ""Configure the management interface \nIP address.\nS1(config-if)# ip address 172. 17 .99. 11 255.255.255.0\nEnable the management interface. S1(config-if)# no shutdown\nReturn to the privileged EXEC mode. S1(config-if)# end\nSave the running configuration file to \nthe startup configuration file.\nS1# copy running-config startup-config\nThe SVI for VLAN 99 will not appear as \u201cup/up\u201d until VLAN 99 is created and there \nis a device connected to a switch port associated with VLAN 99. T o create a VLAN""]"
How do I create an ACL in Aruba GUI to block internet access for a specific VLAN?,"In Aruba Central:
1. Go to Security > Access Control Lists
2. Create a session ACL
3. Add a rule denying destination: any
4. Attach the ACL to the VLAN under Networks > VLANs.

This blocks all outbound traffic from that VLAN. To allow local access (e.g., DNS or gateway), insert 'allow' rules above the 'deny all' rule."," To create an ACL in ArubaOS Switch to block internet access for a specific VLAN, follow these steps:

1. Log in to the ArubaOS switch GUI.
2. Navigate to the ""Security"" tab on the top menu and click on it.
3. Under the Security tab, select ""Access Control Lists"" from the dropdown menu.
4. Click on the ""Create New Access List"" button.
5. Select ""Extended"" as the access list type.
6. Enter a name for your ACL (e.g., BlockInternetVLAN).
7. In the ""Source IP Address"" field, specify the VLAN whose internet access you want to block (e.g., 100).
8. In the ""Destination IP Address"" field, specify the range of IP addresses that should be blocked (e.g., 0.0.0.0/0 for all IP addresses).
9. Add a rule to deny access by clicking on the ""Add Rule"" button and selecting ""Deny"" as the action.
10. Apply the created ACL to the specific VLAN by navigating to ""Configuration"" > ""VLANs"" > [select your VLAN] > ""Edit"" > ""IP Access-Group Incoming"" and choose the created ACL (e.g., BlockInternetVLAN).

After following these steps, the specified VLAN will be blocked from accessing the internet.","[""ArubaOS-Switch(config-ext-nacl)# deny ip 10.1.100.0/24 10.0.100.111/32 \n \nArubaOS-Switch(config-ext-nacl)# permit ip any any \n \n \nArubaOS-Switch(config)# vlan 220 \n \nArubaOS-Switch(vlan-220)# ip access-group 100 in \n \n \nArubaOS-Switch(vlan-220)# vlan 100 \n \nArubaOS-Switch(vlan-100)# ip access-group ext_acl in \n \nComware7 \n \n  Basic ACL \n \n \n[Comware7]acl number 2000 \n \n[Comware7-acl-basic-2000]rule permit source 10.0.100.111 0.0.0.0 \n \n \n[Comware7]acl number 2001 name ext_acl"", ""vlan                  VLAN acl \n \nArubaOS-Switch(vlan-220)# ip access-group 1 in \n \n \nArubaOS-Switch(config)# vlan 100 \n \nArubaOS-Switch(vlan-100)# ip access-group std_acl in \n \n \n  Extended ACL \n \nArubaOS-Switch(config)# ip access-list extended 100 \n \nArubaOS-Switch(config-ext-nacl)# deny ip 10.1.220.0 0.0.0.255 10.0.100.111 0.0.0.0 \n \nArubaOS-Switch(config-ext-nacl)# permit ip any any \n \n \nArubaOS-Switch(config)# ip access-list extended ext_acl"", ""provided.\n\u2022 The \u2018invert\u2019 and \u2018range\u2019 option have been deprecated as per ArubaOS-Switch 7.4 CLI Reference Guide and\nhence will not be supported. However, the functionality of \u2018invert\u2019 option can be achieved through the \u2018deny\u2019\nrule.\n\u2022 RADIUS server-based ACL application to interface/VLAN will not be supported for ACLs with alias-based\nrules.\nnet-destination host |position | network\nSyntax\n[no] netdestination <NAME-STR> [host <IP-ADDR>\n [position <NUM>] network <IP-ADDR/MASK-LENGTH>""]"
Can I use NAT instead of routing to connect two VLANs?,"No — VLANs are separate Layer 2 segments that require Layer 3 routing to communicate. NAT modifies IPs for external access; it doesn't bridge VLANs.

Use SVIs on a Layer 3 switch or firewall subinterfaces to route between VLANs. NAT is used to map internal IPs to public IPs for internet-bound traffic."," No, you cannot use NAT instead of routing to connect two VLANs. You need a Layer 3 device (router) for inter-VLAN routing to route traffic between different VLANs.","[""cannot communicate with one another without a Layer 3 device (router) to route traffic between the \nVLAN, referred to as inter-VLAN routing. You configure one or more routers to route traffic to the \nappropriate destination VLAN.\nFigure 31-1 shows a basic routing topology. Switch A is in VLAN 10, and Switch B is in VLAN 20. The \nrouter has an interface in each VLAN.\nFigure 31-1 Routing T opology Example"", ""By using the switch with routing enabled, when you configure VLAN 20 and VLAN 30 each with an \nSVI to which an IP address is assigned, packets can be sent from Host A to Host B directly through the \nswitch with no need for an external router (Figure 11-2).\nHost A\nSwitch\nCisco router\nVLAN 20\nHost B\nVLAN 30\n46647"", ""296 Appendix \u25a0 Answer Key\nAnswers to Business Case Scenarios\n1. 192.168.0.0\u2013192.168.255.0. The 192.168.0.0 network, 192.168.1.0 network, 192.168.2.0 \nnetwork all the way through to the 192.168.255.0 network are all acceptable. Any one of \nthem will do fine.\n2.\n A router, server, or similar device will do fine as long as it has two network adapters: one \nfor the WAN and one for the LAN. The network technology is Network Address Transla-\ntion (NAT).\n3.""]"
What does it mean if a client is stuck in Layer 2 in Meraki?,"It means the client has connected at the MAC/link layer but failed to get a Layer 3 IP address. Causes:
- No DHCP response
- VLAN mismatch
- DHCP scope exhausted

Meraki Dashboard shows this status under Client Details. Resolve by checking switch port config, DHCP scope, and client NIC."," If a client is stuck in Layer 2 in a Meraki network, it means that the device is unable to progress beyond the data link layer and establish a proper connection with the network. This can result in one-way traffic, where the device sends packets but never receives acknowledgement TCP ACK from the controller to establish a successful TCP connection.","[""Troubleshooting Steps\nThis is generally caused by an upstream firewall not using stateful packet inspection. In this instance, the Meraki device's TCP synchronize (SYN) packet\nis reaching the cloud. When the cloud responds to the Meraki device with a TCP synchronize acknowledge (SYN/ACK), it is dropped by the firewall. The Meraki\ndevice waiting on the TCP SYN/ACK never receives it. Therefore an acknowledgement TCP ACK from the Meraki device is never sent back to the controller to"", ""is reaching the cloud. When the cloud responds to the Meraki device with a TCP synchronize acknowledge (SYN/ACK), it is dropped by the firewall. The Meraki\ndevice waiting on the TCP SYN/ACK never receives it. Therefore an acknowledgement TCP ACK from the Meraki device is never sent back to the controller to\nestablish the TCP connection. This is called one-way traffic."", ""Meraki device waiting on the TCP SYN/ACK never receives it. Therefore an acknowledgement TCP ACK from the Meraki device is never sent back to the\ncontroller to establish the TCP connection. This is called one-way traffic.\nThis issue can also be caused when you have two different routers connected to your LAN segment to route traffic to different networks. In this""]"
How can I tell if a VLAN is correctly propagating across all switches?,"On Cisco, use:
- 'show vlan brief'
- 'show interfaces trunk'
- 'show cdp neighbors detail'

Check that VLAN exists and is allowed on trunks. On Aruba, use 'show vlan' and 'show trunk'. VLAN mismatches or pruning may prevent propagation. Topology views in dashboard interfaces (Meraki/Aruba Central) can help visualize spanning and VLAN continuity."," To tell if a VLAN is correctly propagating across all switches, you can follow these steps:

1. Navigate to Network-wide > Configure > VLAN Profiles and click the arrow next to the applicable profile to drop down the details.
2. Verify that the VLAN is present in the Active VLAN list under the switch's information. If it's not present, you will get an Alert.
3. Use the CLI command `show vlan` on each switch to verify if the VLAN is part of the list and has been pruned from the list, if applicable.
4. Ensure that the VLAN configurations are consistent across all connected switch ports. In case of a mismatch, you can use the `show vlan` command to check the VLAN settings on each port.","[""Switch Detail VLAN Profile Assignment\nTo validate the switch's VLAN Profile assignment, either navigate to VLAN Profiles > Profile assignment or in this example, under the switch details page\nthere is a field for VLAN PROFILE under the switch's information.\nVLAN Profile Mapping Review\nTo check the mappings, navigate to Network-wide > Configure > VLAN Profiles and click the arrow next to the applicable profile to drop down the details."", ""Verification\n1. Select Network-wide -> VLAN profiles\n2. If the switch is using a VLAN that is not part of the Active VLAN list you will get an Alert.\n3. To Verify via CLI:\nIssue the show vlan command to verify VLANs have been pruned from the list.\nIf a VLAN is assigned via RADIUS dynamically and does NOT exist in the VLAN DB, the log messages below will be displayed.\nOct 23 14:48:57.020: %DOT1X-5-SUCCESS: Switch 1 R0/0: sessmgrd: Authentication successful for client (000c.\n14"", ""What is a VLAN Mismatch?\nA VLAN mismatch occurs when two connected switch ports have different VLAN configurations. For example, switch 1 port 1 is configured for native VLAN: 1,\nallowed VLANs: all. This port connects to switch 2 port 48 which is configured for native VLAN: 1, allowed VLANs: 1 and 2 only. In this scenario, a host in VLAN\n3 on switch 1 would not be able to communicate with a host on switch 2 in the same VLAN.\nHow a VLAN Mismatch is Detected""]"
What could cause a Meraki MX to fail to advertise a subnet in AutoVPN?,"Meraki MX may fail to advertise a subnet in AutoVPN if:
- The VLAN is not enabled or assigned to the MX
- The subnet is not included in the Site-to-site VPN settings
- The MX is not in 'Hub' or properly linked as a 'Spoke'
- There are IP conflicts or overlapping subnets
- The appliance is offline or misconfigured

Go to Security & SD-WAN > Site-to-site VPN, ensure the desired VLAN is selected under 'Local Networks', and that the device is in the correct VPN topology. Verify advertised routes in Organization > VPN Status."," A Meraki MX may fail to advertise a subnet in AutoVPN due to issues such as improper configuration of the DHCP server, which must be in a subnet configured on the MX including directly-connected VLANs, static routes, and subnets participating in Auto VPN. Additionally, if multiple relay servers are configured, the MX will forward DHCP requests to them all simultaneously. If DHCP relay is being configured over Auto VPN, and a default route is being specified with an exit hub or a full-tunnel hub, the hub must still be properly configured.","[""subnet. This can cause issues for downstream clients, as they may receive unexpected IP addresses if they are connected to the MX LAN before the\nMX downloads its configuration. To prevent this scenario, only the MX WAN port should be connected initially, while the MX LAN ports\nshould remain disconnected until the MX has checked into the Meraki Dashboard."", ""Note: The DHCP server configured must be in a subnet configured on the MX, including directly-connected VLANs, static routes, and subnets\nparticipating in Auto VPN. DHCP servers sitting behind a non-Meraki VPN peer are not supported.\nNote: If multiple relay servers are configured, the MX will forward DHCP requests to them all simultaneously.\nNote: If DHCP relay is being configured over Auto VPN, and a default route is being specified with an exit hub or a full-tunnel hub, the hub must still"", ""Meraki networks, refer to the online documentation (documentation.meraki.com).\n1. Login to http://dashboard.meraki.com. If this is your \ufb01rst time, create a new account.\n2. Find the network to which you plan to add your MX or create a new network.\n3. Add your MX to your network. You will need your Meraki order number (found on your invoice) or the serial\nnumber of each MX, which looks like Qxxx-xxxx-xxxx, and is found on the bottom of the unit. You will also need""]"
"How do you interpret 'DHCP starvation attack' in a network, and how to mitigate it?","A DHCP starvation attack floods the DHCP server with requests using spoofed MAC addresses, exhausting its IP pool and denying real clients service.

Symptoms include:
- Clients getting no IP
- All IPs being leased to unknown devices

Mitigations:
- Enable DHCP snooping
- Set lease limits per port
- Use port security to restrict MACs
- On Cisco: 'ip dhcp snooping' and 'ip dhcp snooping limit rate 10'

Meraki does not allow CLI mitigation but flags suspicious DHCP behavior in Event Logs."," A DHCP starvation attack occurs when an attacker floods the DHCP server with DHCP requests to use up all the available IP addresses that the server can issue. This prevents the server from issuing any more addresses, resulting in a denial of service (DoS) attack as new clients cannot obtain network access. To mitigate a DHCP starvation attack, you can:

1. Implement rate limiting on the DHCP server to restrict the number of requests it can handle within a specific time frame.
2. Deploy Intrusion Detection Systems (IDS) and Intrusion Prevention Systems (IPS) to detect and block malicious traffic associated with DHCP starvation attacks.
3. Use a network monitoring tool to track and analyze DHCP traffic, which can help in identifying any unusual activity or patterns that may be indicative of an attack.
4. Consider using alternative DNS and DHCP services hosted on different networks or servers to avoid single points of failure.
5. Regularly update the firmware and software of network devices to patch vulnerabilities that could be exploited in attacks like DHCP starvation.","[""DHCP starvation attacks and DHCP spoofing.\nIn DHCP starvation attacks, an attacker floods the DHCP server with DHCP requests \nto use up all the available IP addresses that the DHCP server can issue. After these \nIP addresses are issued, the server cannot issue any more addresses, and this situ-\nation produces a denial of service (DoS) attack as new clients cannot obtain net-\nwork access. A DoS attack is any attack that is used to overload specific devices and"", ""together, multiple DHCP servers can cause clients and network devices to receive IP addresses, subnet masks, gateway IP addresses, and other information\nthat can conflict with how the network should be working. This usually presents itself as groups of clients sporadically losing connection to the Internet and other\nnetwork resources. This issue arises most often when users incorrectly attach a device to the network that provides this service, such as connecting a"", ""security .\nCommon\u2002Security\u2002Attacks:\u2002DHCP\u2002Spoofing\u2002(2.2.2.2)\nDynamic Host Control Protocol (DHCP) is the protocol that automatically assigns a \nhost a valid IP address out of a DHCP pool. DHCP has been in use for nearly as long \nas TCP/IP has been the main protocol used within industry for allocating clients IP \naddresses. Two types of DHCP attacks can be performed against a switched network: \nDHCP starvation attacks and DHCP spoofing.""]"
"What is the purpose of native VLAN, and what happens if native VLANs mismatch between two devices?","The native VLAN is used for untagged traffic on trunk ports. By default, VLAN 1 is the native VLAN on Cisco.

If there's a mismatch:
- One device expects traffic untagged for VLAN X
- The other interprets it as VLAN Y

This can cause misrouted traffic, broadcast storms, or security issues. On Cisco, use 'show interfaces trunk' to check. Best practice is to use an unused VLAN (e.g., VLAN 999) as native and filter it with ACLs."," The purpose of a native VLAN is to carry untagged traffic for one specific VLAN across a trunk link between switches. It acts as a common ground for communication between two devices on different switches that are part of the same VLAN. If there is a mismatch in native VLANs between two devices, it can lead to communication issues or a lack of connectivity between them, even if they are in the same VLAN.","[""What is a VLAN Mismatch?\nA VLAN mismatch occurs when two connected switch ports have different VLAN configurations. For example, switch 1 port 1 is configured for native VLAN: 1,\nallowed VLANs: all. This port connects to switch 2 port 48 which is configured for native VLAN: 1, allowed VLANs: 1 and 2 only. In this scenario, a host in VLAN\n3 on switch 1 would not be able to communicate with a host on switch 2 in the same VLAN.\nHow a VLAN Mismatch is Detected"", ""is to allow all VLANs), the new VLAN is carried on all trunk ports. Depending on the topology of \nthe network, this could create a loop in the new VLAN that would not be broken, particularly if there"", ""VLAN as the receiving port. Network devices in different VLANs cannot communicate with one another \nwithout a Layer 3 device to route traffic between the VLANs. \nVLAN partitions provide hard firewalls for traffic in the VLAN, and each VLAN has its own MAC \naddress table. A VLAN comes into existence when a local port is configured to be associated with the \nVLAN, when the VLAN Trunking Protocol (VTP) learns of its existence from a neighbor on a trunk, or \nwhen a user creates a VLAN.""]"
What is the difference between intra-VLAN and inter-VLAN routing?,"- Intra-VLAN routing refers to communication within the same VLAN/subnet using Layer 2 switching.
- Inter-VLAN routing allows traffic between different VLANs/subnets using Layer 3 routing.

Inter-VLAN routing can be done via:
- SVIs on Layer 3 switches
- Router-on-a-stick
- Firewalls with subinterfaces

Each VLAN requires a gateway (e.g., 192.168.10.1). ACLs or firewall rules can filter inter-VLAN traffic."," The difference between intra-VLAN and inter-VLAN routing lies in the type of communication they facilitate within a network. Intra-VLAN routing refers to communication within a VLAN, while inter-VLAN routing involves communication between different VLANs.","[""switches. Devices within the same VLAN can communicate with each other without the need for routing because they live within the same broadcast domain and\nL3 subnet.\nAs a result, devices in separate VLANs require a Layer 3 forwarding device (e.g.: a router) to communicate with each other. The L3 device can be external to the\nswitch or it can be a feature in the same switch. Layer2-only switches require an external L3 routing device to provide communication between VLANs because"", ""an interface-by-interface basis. When you assign switch interfaces to VLANs by using this method, it is \nknown as interface-based, or static, VLAN membership.\nTraffic between VLANs must be routed or fallback bridged. The switch can route traffic between \nVLANs by using switch virtual interfaces (SVIs). An SVI must be explicitly configured and assigned an \nIP address to route traffic between VLANs. For more information, see the \u201cSwitch Virtual Interfaces\u201d"", ""used to access the Internet, including instant messaging programs, FTP clients, third-party \nmedia programs, and much more.\nDefining Intranets and Extranets\nIntranets and extranets are used by organizations to share data with select individuals. \nWhereas an intranet is used by an organization to share data with its employees, an \nextranet is used to share data with sister companies or other partnered organizations.\nCertification Ready\nHow do you define intranets and extranets? Objective 1.1""]"
How does Aruba Central handle bandwidth limits per SSID or user?,"In Aruba Central:
- Navigate to Network > Wireless SSID > Traffic Shaping
- Set upstream/downstream limits per SSID or per-client

You can also assign bandwidth profiles via roles or VLAN-based policies. This is useful in guest networks to prevent abuse. Analytics dashboards display bandwidth usage by user or application."," Aruba Central handles bandwidth limits per SSID or user by using the Multicast-Traffic Rate Limit feature. The Inbound Limit Mode allows setting a maximum percentage of traffic for multicast traffic on an SSID. This helps control the amount of bandwidth consumed by specific applications or users, ensuring fair distribution of resources.","[""information.\nAdvantages of OFDMA\nThis capability allows Aruba\u2019s APs to handle multiple Wi-Fi 6 \ncapable clients on each channel simultaneously, regardless \nof device or traffic type. Channel utilization is optimized \nby handling each transaction via smaller sub-carriers or \nresource units (RUs), which means that clients are sharing a \nchannel and not competing for airtime and bandwidth. \nAruba Air Slice\u2122 for Extended Application Assurance"", ""Multicast-Traffic Rate Limit Maximum %\n  Port  | Inbound Limit Mode      Radius Override\n  ----- + ------------- --------- ---------------\n  1     | Disabled      Disabled  No-override\n  2     | Disabled      Disabled  No-override\n  3     | Disabled      Disabled  No-override\n  4     | Disabled      Disabled  No-override\nOperating Notes\nThe following information is displayed for each installed transceiver:\n132 Aruba 2530 Management and Configuration Guide for\nArubaOS-Switch 16.05"", ""devices on the best available AP. Session metrics are used \nto steer mobile devices to the best AP based on available \nbandwidth, types of applications being used and traffic type \u2013 \neven as users roam. \nAruba Advanced Cellular Coexistence (ACC)\nThis feature uses built-in filtering to automatically minimize \nthe impact of interference from cellular networks, distributed \nantenna systems (DAS), and commercial small cell or \nfemtocell equipment.\nIntelligent Power Monitoring (IPM)""]"
What are the benefits and drawbacks of dynamic NAT vs static NAT on a firewall?,"- Static NAT maps one internal IP to one external IP; good for servers
- Dynamic NAT uses a pool of external IPs for multiple clients

**Pros:**
- Static NAT: Predictable, consistent IPs for services
- Dynamic NAT: Efficient use of public IPs

**Cons:**
- Static NAT: Consumes more public IPs
- Dynamic NAT: Can lead to failures under IP exhaustion

PAT (Port Address Translation) is often preferred for outbound traffic to conserve IPs."," Benefits of Dynamic NAT:
1. Efficient use of IP addresses: Dynamic NAT allows multiple private IP addresses to be mapped to a single public IP address, making efficient use of limited public IP addresses.
2. Adaptability: Dynamic NAT automatically selects an available public IP address from the pool, which is beneficial when the number of private hosts exceeds the number of available public IPs.
3. Scalability: As the network grows and more devices need access to the Internet, dynamic NAT can easily accommodate new connections without manual intervention.

Drawbacks of Dynamic NAT:
1. Limited functionality: Dynamic NAT does not allow direct communication between private hosts, which may limit certain applications that require direct IP connectivity.
2. Address translation overhead: Since the workstation's address is translated to a different address in the pool, there can be additional processing overhead when initiating connections.
3. Less control over public IP addresses: In dynamic NAT, the routing device selects the available public IP address from the pool, which means less control over which IP address is assigned to a particular private host.","[""Dynamic NAT  Dynamic NAT maps an unregistered IP address on the private network \nto a registered IP address that is selected by the routing device providing the NAT service \nfrom a pool of registered IP addresses. This is more commonly used when many hosts on \nthe internal network need to access the Internet and don\u2019t have a requirement for a static \naddress. The workstation\u2019s address is translated to the next available registered address in"", ""\u2022 1:1 NAT vs. Port Forwarding\n\u2022 1:1 NAT with Link Aggregation and Multiple Public IPs\n4"", ""the pool as soon as it initiates a connection to the public network.\nThere are two major security implications associated with the use of NAT. First, NAT \ncan be used to hide private network addresses, which makes it more difficult for an attacker \nto successfully penetrate a private network. The addresses that are visible to an Internet-\nbased attacker are the NAT addresses typically stored on the firewall, which should be one \nof the more secure devices on a network.""]"
What is the function of the command ‘ip nat inside source list 1 interface G0/1 overload’?,"This command enables PAT on a Cisco router:
- 'list 1' matches internal IPs via an ACL
- 'interface G0/1' specifies the NAT outside interface
- 'overload' allows multiple clients to share one public IP using ports

Example:
access-list 1 permit 192.168.0.0 0.0.0.255
ip nat inside source list 1 interface G0/1 overload"," The function of the command 'ip nat inside source list 1 interface G0/1 overload' is to enable Network Address Translation (NAT) on the specified interface (G0/1), and to use the source IP address from the list number 1 for translating packets when they are sent out through the interface. This command helps in conserving public IP addresses by mapping multiple private IP addresses to a single public IP address, allowing multiple devices within a local network to share an external IP address.","[""Figure 2. Illustration of 1:1 NAT configuration\n4"", ""connections or UDP ports in prescribed ways. For example, FTP, the standard\nFile Transfer Protocol, inserts IP addresses in thebody of packetfor the receiver\nto extract and use. Since NAT knowsnothing about these arrangements, it cannot\nrewrite the IP addresses or otherwise account for them. This lack of under-\nstanding means that FTP and other applications such as the H.323 Internet tele-\nphony protocol (which we will study in Chap. 7) will fail in the presence of NAT"", ""NAT box/firewall\nISP\nrouter\nIP = 198.60.42.12\nport = 3344\nIP = 10.0.0.1\nport = 5544\n(to Internet)\nPacket before\ntranslation\nCustomer\nrouter\nand LAN\nFigure 5-55. Placement and operation of a NAT box.\nSo far, we have glossed over one tinybut crucial detail: when thereply comes\nback (e.g., from a Web server), it is naturally addressed to 198.60.42.12, so how\ndoes the NAT box know which internal address toreplace it with? Herein lies the""]"
Why is a trunk port necessary when connecting switches together?,"Trunk ports carry traffic from multiple VLANs using 802.1Q tagging. Access ports only carry one VLAN.

When switches are connected, trunking ensures VLANs are extended end-to-end.

Commands:
switchport mode trunk
switchport trunk allowed vlan 10,20

Mismatched trunk config leads to VLAN propagation issues or broadcast isolation."," A trunk port is necessary when connecting switches together because it allows for the transmission of traffic from multiple VLANs over a single link, providing increased bandwidth and reducing the risk of traffic bottlenecks. This is particularly beneficial in backbone devices and network areas with high traffic demand.","[""\u007f Configuring Trunk Ports for Load Sharing, page 12-20\nTrunking Overview\nA trunk is a point-to-point link between one or more Ethernet switch interfaces and another networking device \nsuch as a router or a switch. Ethernet trunks carry the traffic of multiple VLANs over a single link, and you \ncan extend the VLANs across an entire network. The Catalyst 2960 switch supports IEEE 802.1Q \nencapsulation."", ""Overview of port trunking\nPort trunking allows you to assign up to eight physical links to one logical link (trunk) that functions as a single,\nhigher-speed link providing dramatically increased bandwidth. This capability applies to connections between\nbackbone devices as well as to connections in other network areas where traffic bottlenecks exist. A trunk group\nis a set of up to eight ports configured as members of the same port trunk. The ports in a trunk group do not have"", ""settings.\nNOTE:\nLink connections\nThe switch does not support port trunking through an intermediate, non-trunking device such as\na hub, or using more than onemedia type in a port trunk group. Similarly, for proper trunk\noperation, all links in the same trunk group must have the samespeed, duplex, and flow control.\nPort security restriction\nPort security does not operate on a trunk group. If you configure port security on one or more""]"
What could cause a client to randomly disconnect from a Meraki wireless network?,"Causes may include:
- Weak signal
- AP load balancing or 802.11r handoff bugs
- DHCP lease expiration
- Interference from nearby APs

Use Wireless > Clients > Timeline and Wireless Health to check logs. Optimize RF profiles and ensure client support for roaming standards."," A client could randomly disconnect from a Meraki wireless network due to poor connectivity caused by a wrong configuration on network equipment (typically a firewall or a device performing NAT) that is supposed to let the Meraki device connect to the internet. Additionally, issues with the Internet connection itself can cause the client to disconnect, such as an upstream firewall not using stateful packet inspection or an asymmetric firewall or network issue.","[""Poor Connectivity to the Meraki Cloud\nTriggers\nThis is due to a wrong configuration on network equipment (typically a firewall or a device performing NAT) that is supposed to let the Meraki device connect to\nthe internet.\nTroubleshooting Steps\nThis is generally caused by an upstream firewall not using stateful packet inspection. In this instance, the Meraki device's TCP synchronize (SYN) packet"", ""Bad Internet Connection\nTriggers\nIf a Meraki device is having problems contacting the Meraki cloud through your firewall, content filter, or proxy server, you will experience the following issues\nand alerts on your Meraki network and dashboard:\n\u2022 Yellow connectivity icon on the devices list page and individual device detail page.\n\u2022 Orange bars on the connectivity graph.\n\u2022 \""This device has poor connectivity to the Meraki controller, possibly due to an asymmetric firewall or network"", ""To isolate and potentially remedy these issues and alerts, try the following:\n1. Move your Meraki device to a different network segment where other devices are working and then analyze the\ndifference in the path to the internet.\n2. Verify that your firewall or any other security devices within your network are not modifying the Meraki device's\n12""]"
"How does EIGRP select the best path, and what is the role of feasible successor?","EIGRP uses bandwidth and delay to calculate metrics. The path with the lowest metric becomes the **successor**.

A **feasible successor** is a backup path that meets the feasibility condition:
Reported distance < Feasible distance of current route.

This ensures loop-free redundancy. Use 'show ip eigrp topology' to list successors and backups."," EIGRP selects the best path by using DUAL (Diffusing Update Algorithm) to make routing decisions. It considers metrics such as bandwidth, delay, reliability, and load, and aims to find the lowest total cost route while ensuring loop-free operation. The role of a feasible successor is crucial in this process; it is a backup route that satisfies the ""feasibility condition"" (its reported distance is less than the current route's reported distance plus the current route's advertised bandwidth minus the feasible successor's advertised bandwidth). If the active route fails, EIGRP can quickly switch to the feasible successor without causing a routing loop.","[""of the new information received. EIGRP asks DUAL to make routing decisions, but the results are \nstored in the IP routing table. EIGRP is also responsible for redistributing routes learned by other \nIP routing protocols."", ""all neighbors. It supports intermixed transmission of multicast and unicast packets. Some EIGRP \npackets must be sent reliably, and others need not be. For efficiency, reliability is provided only \nwhen necessary. For example, on a multiaccess network that has multicast capabilities (such as \nEthernet), it is not necessary to send hellos reliably to all neighbors individually. Therefore, EIGRP"", ""packet must travel, or simply reduce the number of hops a packet must make. Ei-\nther choice tends to improve the delay and also reduce the amount of bandwidth\nconsumed per packet, which tends to improve the overall network throughput as\nwell.\nRouting algorithms can be grouped into two major classes: nonadaptive and\nadaptive. Nonadaptive algorithms do not base their routing decisions on any""]"
What’s the difference between DHCP snooping and IP source guard?,"DHCP snooping and IP Source Guard are Layer 2 security features used together to prevent spoofing and unauthorized network access.

- **DHCP Snooping** monitors DHCP traffic and builds a binding table containing legitimate MAC-IP-Port-VLAN mappings by allowing DHCP replies only from trusted ports.
- **IP Source Guard** uses this binding table to restrict traffic on untrusted ports, blocking packets with mismatched IP or MAC addresses.

Example (Cisco):
interface Gig0/1
 ip dhcp snooping trust
 ip verify source

Together, they mitigate spoofing, man-in-the-middle, and rogue DHCP attacks in access-layer switches."," The main difference between DHCP snooping and IP source guard lies in their functions and objectives. DHCP snooping is a security feature that filters untrusted DHCP messages, builds and maintains a DHCP snooping binding table, and acts as a firewall between untrusted hosts and DHCP servers to provide network security. It helps differentiate between untrusted interfaces connected to end users and trusted interfaces connected to the DHCP server or another switch.

On the other hand, IP source guard is another security feature that restricts traffic from an interface based on the statically configured IP address binding. This prevents any device connected to a specific port from obtaining an IP address unless it matches the preconfigured MAC and IP address pair. It ensures only authorized devices can obtain an IP address and access the network, preventing unauthorized devices from connecting and causing potential security threats or network disruptions.","[""server, which significantly reduces the overhead of administration of IP addresses. DHCP also helps \nconserve the limited IP address space because IP addresses no longer need to be permanently assigned \nto hosts; only those hosts that are connected to the network consume IP addresses.\nDHCP Snooping\nDHCP snooping is a DHCP security feature that provides network security by filtering untrusted DHCP \nmessages and by building and maintaining a DHCP snooping binding table. An untrusted message is a"", ""DHCP messages to send on output interfaces.\nDHCP Snooping\nDHCP snooping is a DHCP security feature that provides network security by filtering untrusted DHCP \nmessages and by building and maintaining a DHCP snooping binding database, also referred to as a \nDHCP snooping binding table. For more information about this database, see the \u201cDisplaying DHCP \nSnooping Information\u201d section on page 19-11 .\nDHCP snooping acts like a firewall between untrusted hosts and DHCP servers. You use DHCP snooping"", ""to differentiate between untrusted interfaces connected to the end user and trusted interfaces connected \nto the DHCP server or another switch. \nNote For DHCP snooping to function properly, all DHCP servers must be connected to the switch through \ntrusted interfaces.\nAn untrusted DHCP message is a message that is received from outside the network or firewall. When \nyou use DHCP snooping in a service-provider environment, an untrusted message is sent from a device""]"
How does Meraki handle failover between WAN1 and WAN2?,"Meraki MX uses health-based routing to manage failover between WAN1 and WAN2. It performs continuous performance monitoring using ICMP, DNS, and HTTP probes to designated targets.

- If WAN1 degrades (high latency/loss) or fails, Meraki fails over traffic to WAN2.
- You can configure custom Performance Classes for different traffic types (e.g., VoIP) in **Security & SD-WAN > SD-WAN & Traffic Shaping**.
- Uplink selection rules allow per-application failover decisions.

Failover typically takes less than 30 seconds and is logged in the Event Logs. Meraki resumes WAN1 automatically once it becomes healthy again."," Meraki handles failover between WAN1 and WAN2 using WAN Failover, which automatically switches the active connection from one WAN interface to another when a failure is detected. This ensures continuous connectivity and allows devices to stay up to date even if there is a problem with the primary connection to the Meraki Cloud servers.","[""successfully pass the connection monitoring test (see Connection Monitoring for WAN Failover)\nIf the network's design is expected to have an MR functioning as a mesh repeater (see Wireless Mesh Networking - Repeaters), confirm there is an MR in the\nsame dashboard network that is within wireless range and strong enough of a signal.\nPoor Connectivity to the Meraki Cloud\nTriggers"", ""\u2022 Run Blink LEDs to see which WAN appliance in the Dashboard corresponds to a particular physical\nWAN appliance. This tool is useful if you have multiple appliances or if you need to identify an appliance remotely\nfor an on-site technician.\n\u2022 Run the Throughput tool to run a throughput test between the WAN appliance and meraki.com.\n\u2022 Run the Traceroute tool to identify and troubleshoot potential routing issues by performing a traceroute to the\nspecified host.\n1"", ""an ESTABLISHED connection.\n5. Make sure you only have a single entry and exit interface on your LAN segment.\nFor more information on configuring your firewall to support the Meraki Cloud, review Upstream Firewall Rules for Cloud Connectivity.\nBackup Cloud Connection Used\nTriggers\nThe backup cloud connection is used when the primary connection fails. This helps Meraki devices to stay up to date even if there is a problem with the primary\nconnection to the Meraki Cloud servers.""]"
"What causes 'duplicate ACKs' in packet captures, and are they always bad?","Duplicate ACKs in TCP indicate out-of-order packets or potential loss. When three or more duplicate ACKs are seen, TCP Fast Retransmit is triggered to resend missing segments.

They are not always problematic:
- A few duplicates are expected during congestion or roaming
- Excessive duplicates indicate packet loss, jitter, or asymmetric routing

Analyze with tools like Wireshark by tracking TCP streams. In wireless setups, they may be caused by interference or signal fluctuations. In Meraki, use Wireless Health and per-client diagnostics to correlate with roaming or AP load balancing issues."," Duplicate ACKs occur when the receiver of a packet receives two or more acknowledgments for the same transmitted packet within a short period. This can happen due to network issues, such as packet loss or delay, causing the sender to retransmit the packet and generate multiple ACKs.

Duplicate ACKs are not always bad, as they help ensure reliable communication between sender and receiver in case of packet loss or delay. However, they can also indicate inefficient use of network resources, as the duplicate acknowledgments consume bandwidth and may lead to increased latency. In some cases, the receiving device may have a mechanism to discard duplicate ACKs to reduce unnecessary network traffic.","[""will correctly find and discardduplicates of packets after they have already been"", ""Packets that are modified because of routing\u2014for example, with modified time-to-live (TTL), \nMAC-address, or QoS values\u2014are duplicated (with the modifications) at the destination port. \nFeatures that can cause a packet to be dropped during transmit processing also affect the duplicated \ncopy for SPAN. These features include IP standard and extended output ACLs and egress QoS \npolicing.\n\u007f Both\u2014In a SPAN session, you can also monitor a port or VLAN for both received and sent packets."", ""ACK bit in the fourth word. Does this really add anything? Why or why not?\n28. The maximum payload of a TCP segment is 65,495 bytes. Why was such a strange\nnumber chosen?""]"
How do you configure a trunk port on an Aruba switch?,"In ArubaOS (CX or legacy), trunk ports allow multiple VLANs to traverse a single uplink between switches or from switch to firewall/access point.

Configuration example:
interface 1/1/1
 vlan trunk native 1
 vlan trunk allowed 10,20,30

- 'trunk native' sets which VLAN is untagged
- 'trunk allowed' specifies tagged VLANs

Use 'show vlan port 1/1/1' to verify trunking. Ensure both sides of the link agree on allowed VLANs and tagging conventions to avoid traffic drops or mismatches."," To configure a trunk port on an Aruba switch, follow these steps:

1. Access the switch's web-based interface or command-line interface (CLI).
2. Navigate to the Port Trunking section. In the web-based interface, go to Chapter 5 > Port Trunking.
3. Select the Edit Ports icon in the upper right corner of the toolbar to open the port configuration panel.
4. Choose the port(s) you want to configure as trunk ports from the list.
5. Enable trunking on the selected port(s). In the web-based interface, click the ""Trunk"" checkbox next to the port(s).
6. Specify the trunking mode (e.g., dynamic auto or static access) and any other necessary parameters such as allowed VLANs.
7. Save your changes and apply them to the switch.

For more detailed instructions, refer to the ""Aruba 2530 Management and Configuration Guide for ArubaOS-Switch 16.05"" in the provided context.","[""2. Switch Configuration\u2026\n2. Port/Trunk Settings\n110 Aruba 2530 Management and Configuration Guide for\nArubaOS-Switch 16.05"", ""ports that are later added to a trunk group, the switch resets the port security parameters for\nthose ports to the factory-default configuration.\nChapter 5\nPort Trunking\n104 Aruba 2530 Management and Configuration Guide for\nArubaOS-Switch 16.05"", ""Port Configuration: Configure a port by selecting the Edit Ports icon in the upper right corner of the toolbar at the\ntop of the table. The configuration panel opens to allow for port selection and option configuration.\n42 Aruba Basic Operation Guide for ArubaOS-Switch 16.06""]"
What are the limitations of static routing in large networks?,"Static routing is simple but does not scale in complex or growing networks.

Limitations include:
- Manual reconfiguration for every topology change or failure
- No automatic path redundancy or convergence
- Increased administrative overhead and risk of misconfiguration

In larger topologies, dynamic protocols (EIGRP, OSPF, BGP) offer automatic discovery, failover, and loop prevention. Static routes are still useful in small or edge environments for route control or stub networks."," The limitations of static routing in large networks include being labor-intensive and difficult to maintain as networks grow, lack of automatic updates, and inability to handle dynamic changes such as link failures or network growth. This can result in unreachable destinations and increased complexity due to the need for manual configuration and updates.","[""in the network, such as link failures, and therefore, might result in unreachable destinations. As networks \ngrow, static routing becomes a labor-intensive liability.\n18071\nA\nB\nC\nHost\nHost\nHost\nSwitch A Switch B\nVLAN 10 VLAN 20\nISL Trunks"", ""234 Lesson 7 \u25a0 Understanding Wide Area Networks\nFor small or home network routers, they use a small routing table because they just \nforward all outbound traffic to the Internet Service Provider (ISP) gateway which handles \nall of the other routing. Small business or at home routing tables may contain only a few \nentries, where a large company may contain hundreds.\nRouting is either static or dynamic:\nStatic routing  is when a router has been manually configured. For example, when a"", ""nected, problems can occur. When different networks have different maximum\npacket sizes, fragmentation may be needed. Different networks may run different\nrouting protocols internally but need to run a common protocol externally. Some-\ntimes the problems can be finessed by tunneling a packet through a hostile net-\nwork, but if the source and destination networks are different, this approach fails.\nThe Internet has a rich variety of protocols related to the network layer.""]"
"How does VLAN pruning work in Cisco switches, and why use it?","VLAN pruning prevents unnecessary VLANs from being propagated across trunk links, reducing broadcast traffic and enhancing performance and security.

**Manual pruning:**
switchport trunk allowed vlan 10,20,30

**Dynamic pruning (with VTP):**
vtp pruning

When enabled, Cisco switches prune VLANs that are not active on downstream ports. This avoids flooding irrelevant traffic and reduces CPU load on switches. Always validate with 'show interfaces trunk'."," VLAN pruning works in Cisco switches by allowing the switch to block unneeded flooded traffic to VLANs on trunk ports that are included in the pruning-eligible list. By default, VLANs 2 through 1001 are pruning eligible on switch trunk ports. If a VLAN is configured as pruning-ineligible, the flooding continues. The main purpose of using VLAN pruning is to reduce network congestion and optimize bandwidth utilization by preventing unnecessary traffic from being sent over trunk links. This helps improve overall network performance and efficiency.","[""Switch(config)# interface gigabitethernet1/0/1\nSwitch(config-if)# switchport trunk allowed vlan remove 2\nSwitch(config-if)# end\nChanging the Pruning-Eligible List\nThe pruning-eligible list applies only to trunk ports. Each trunk port has its own eligibility list. VTP \npruning must be enabled for this procedure to take effect. The \u201cEnabling VTP Pruning\u201d section on \npage 14-13 describes how to enable VTP pruning."", ""VLANs pruning-eligible or pruning-ineligible affects pruning eligibility for those VLANs on that trunk \nonly (not on all switches in the VTP domain).\nSwitch D\nSwitch E\nSwitch CSwitch F Switch A\nSwitch B\nPort 1\nPort 2\nRed \nVLAN\n89240\nSwitch D\nSwitch E\nSwitch CSwitch F Switch A\nSwitch B\nPort 1\nPort 2\nRed \nVLAN\n89241\nPort\n4\nFlooded traffic\nis pruned.\nPort\n5\nFlooded traffic\nis pruned."", ""though receiving switches might discard them. VTP pruning is disabled by default.\nVTP pruning blocks unneeded flooded traffic to VLANs on trunk ports that are included in the \npruning-eligible list. Only VLANs included in the pruning-eligible list can be pruned. By default, \nVLANs 2 through 1001 are pruning eligible switch trunk ports. If the VLANs are configured as \npruning-ineligible, the flooding continues. VTP pruning is supported with VTP Version 1 and Version 2.""]"
How does Meraki handle rogue AP detection and mitigation?,"Meraki continuously scans the air for unauthorized APs using its built-in WIPS (Wireless Intrusion Prevention System). It detects:
- SSID spoofing
- MAC cloning
- Unauthorized APs connected to the wired LAN

In **Wireless > Air Marshal**, you can:
- Classify rogue devices as friendly or malicious
- Enable containment, which sends deauth frames to clients trying to connect to rogues

Note: Containment should be used cautiously, as it may impact nearby legitimate networks and is restricted in some regulatory domains."," Meraki handles rogue AP detection and mitigation by using its Cisco Meraki Security Appliances (MX), which can log and detect rogue DHCP servers. The event log can be viewed under Network-Wide > Event Log.","[""management-mode meraki force noprompt\nClearstheMerakiAP-relateddata.(Optional)clear ap meraki stats\nExample:\nStep 3\nDevice# clear ap meraki stats\nVerifying the Management Mode Migration Details\nToviewthesummaryoftheMeraki-capableAPinformation,runthefollowingcommand:\nDevice# show ap management-mode meraki capability summary\nAP Name AP Model Radio MAC MAC Address AP Serial\nNumber Meraki Serial Number"", ""Finding Rogues with Cisco Meraki Products\nEach Cisco Meraki product can assist along the way by establishing the MAC address of a rogue DHCP server and/or tracking down the location of the server.\nCisco Meraki Security Appliance (MX)\nCisco Meraki Security Appliances can log and detect rogue DHCP server. This can be seen under the event log (Network-Wide > Event Log). The event log will"", ""replacement.\nTroubleshooting\nWhen suspected that an MR or CW AP is faulty, the following checks must be made. As per the device's replacement warranty, Cisco Meraki can replace a\nfaulty device. However, in order to satisfy all stakeholders and minimize both downtime and cost, troubleshooting must be done to determine if an RMA is the\ncorrect path to follow.\nThe following symptoms and steps will help to perform initial troubleshooting:\nIf no lights are lit on the unit""]"
What is asymmetric routing and why is it problematic in firewalled environments?,"Asymmetric routing occurs when outbound and return traffic follow different paths across the network.

In a firewall scenario:
- The firewall sees outbound packets on Interface A
- The return packet arrives on Interface B
- The firewall drops the packet as it doesn’t match an established connection

This breaks stateful inspection and can cause intermittent drops. Solutions include:
- Using symmetric routing
- Adjusting firewall rules for stateless inspection
- Configuring tracking-based routing policies or session-aware firewalls"," Asymmetric routing refers to a situation where the path taken by a packet from source to destination is different from the reverse path. This occurs when the routing decisions are based on various factors like AS paths, costs, or other criteria. In firewalled environments, asymmetric routing can be problematic because firewalls typically rely on the source and destination IP addresses to determine if a packet should be allowed through. If the return path is different from the outbound path, the firewall may not recognize the return packets as legitimate traffic, leading to dropped connections or security vulnerabilities.","[""484 THE NETWORK LAYER CHAP. 5\nThis strategy is known asearly exit or hot-potato routing. It has the curious\nside effect of tending to make routes asymmetric. For example, consider the path\ntaken when C sends a packet back toB. The packet will exitAS3 quickly, at the\ntop router, to avoid wasting its resources. Similarly, it will stay at the top when\nAS2 passes it to AS1 as quickly as possible. Then the packet will have a longer\njourney in AS1. This is a mirror image of the path taken fromB to C."", ""A different kind of strategy is the default rule that shorter AS paths are better.\nThis is debatable given that an AS could be a network of any size, so a path\nthrough three small ASes could actually be shorter than a path through one big\nAS. However, shorter tends to be better on average, and this rule is a common\ntiebreaker.\nThe final strategy is to prefer the route that has the lowest cost within the ISP.\nThis is the strategy implemented in Fig. 5-68. Packets sent fromA to C exit AS1"", ""\u007f By dynamically calculating routes by using a routing protocol\nDefault routing refers to sending traffic with a destination unknown to the router to a default outlet \nor destination.\nStatic unicast routing forwards packets from predetermined ports through a single path into and out of a \nnetwork. Static routing is secure and uses little bandwidth, but does not automatically respond to changes""]"
Why are Layer 3 switches preferred over routers in modern campus networks?,"Layer 3 switches offer high-performance routing and switching in one device.

**Advantages over routers:**
- Hardware-based packet forwarding at line rate
- Lower latency for inter-VLAN routing
- Support for dynamic routing protocols, ACLs, QoS

They simplify LAN design by removing the need for separate routers at distribution/core layers. Routers are still used at WAN edges for advanced NAT, VPN, and traffic shaping."," Layer 3 switches are preferred over routers in modern campus networks because they offer greater control, flexibility, and efficiency. They determine paths for data using logical addressing (IP addresses) instead of physical addressing (MAC addresses), which allows for better optimization of the network. Additionally, Layer 3 switches can be managed by network engineers via tools like SNMP, enabling them to analyze packets passing through the switch and reduce network traffic significantly.","[""Switches also reside on the Network layer. A Layer 3 switch  differs from a Layer 2 \nswitch in that it determines paths for data using logical addressing (IP addresses) instead of \nphysical addressing (MAC addresses). Layer 3 switches are very similar to routers; it\u2019s how \na network engineer implements the switch that makes them different.\nLayer 3 switches forward packets, whereas Layer 2 switches forward frames. Layer 3"", ""in turn, wastes network bandwidth. To alleviate this, about 15 years ago, Ethernet switch-\ning was developed, and it is used in most networks today. Switching has many advantages, \none of which is that the switch only sends unicast traffic. Unicast  is when information is \nsent to one host only. This reduces network traffic greatly, and helps with packet loss and \nduplicates.\nWe have mentioned network speed a few times already. A more accurate term is data"", ""switches are usually managed switches; they can be managed via the network engineer \nby utilizing the Simple Network Management Protocol (SNMP), among other tools. This \nallows the network engineer to analyze all the packets that pass through the switch, which \ncan\u2019t be done with a Layer 2 switch. A Layer 2 switch is more like an advanced version of \na bridge, whereas a Layer 3 switch is more like a router. Layer 3 switches are used in busy""]"
How can I view port utilization statistics on an Aruba switch?,"Use the following CLI command for per-port stats:
`show interfaces <port> counters`

It displays:
- Packets and bytes in/out
- Errors (CRC, collisions, discards)
- Utilization percentage

For all ports:
`show interfaces brief`

In Aruba Central:
Navigate to Monitoring > Switches > Interface Stats to graph usage, export CSV reports, and set thresholds for alerting. This is useful for tracking congestion or faulty links."," To view port utilization statistics on an Aruba switch, you can use the ""show interfaces"" command followed by the port number or interface name. For example:

ArubaOS-Switch# show interfaces 1

This will display the status and counters for port 1, including total bytes received (Rx) and transmitted (Tx), unicast packets received and transmitted, and more.","[""\u25e6 Port Utilization Graph\n\u25e6 Alert log\nChapter 16\nTroubleshooting\n306 Aruba 2530 Management and Configuration Guide for\nArubaOS-Switch 16.05"", ""119 \n \n \n \nArubaOS-Switch# show interfaces 1 ? \n hc                    Show summary of network traffic handled by the ports. \n <cr> \n \nArubaOS-Switch# show interfaces 1 \n \n Status and Counters - Port Counters for port 1 \n \n  Name  : \n  MAC Address      : 009c02-d539bf \n  Link Status      : Up \n  Totals (Since boot or last clear) : \n   Bytes Rx        : 2,069,285,321      Bytes Tx        : 214,736,598 \n   Unicast Rx      : 1,922,572          Unicast Tx      : 1,283,973"", ""Aruba Instant On 1930 Switch Series\nManagement and Configuration Guide\nSwitching Features\nYou can use the Switching pages to configure port operation and various Layer 2 features and capabilities.\nPort Configuration\nYou can use the Port Configuration tiles to display port status, configure port settings, and view statistics \non packets transmitted on the port. \nTo view this page, click Switching > Port Configuration in the navigation pane.\nGraphical Display""]"
